,Rings,Rings_model1,Rings_model2,error_model1,error_model2,mse_model1,mse_model2,rmse_model1,rmse_model2
306,3,4.0764093,5.0,-1.0764093399047852,-2.0,5.5321836900605295,9.513157894736842,2.35205945716951,3.08434075528902
1494,10,8.945651,11.0,1.0543489456176758,-1.0,5.5321836900605295,9.513157894736842,2.35205945716951,3.08434075528902
4175,10,9.2800865,8.0,0.7199134826660156,2.0,5.5321836900605295,9.513157894736842,2.35205945716951,3.08434075528902
2904,9,9.612715,9.0,-0.6127147674560547,0.0,5.5321836900605295,9.513157894736842,2.35205945716951,3.08434075528902
1642,13,11.202175,10.0,1.7978248596191406,3.0,5.5321836900605295,9.513157894736842,2.35205945716951,3.08434075528902
1004,9,9.170126,9.0,-0.17012596130371094,0.0,5.5321836900605295,9.513157894736842,2.35205945716951,3.08434075528902
3182,10,13.8961735,13.0,-3.8961734771728516,-3.0,5.5321836900605295,9.513157894736842,2.35205945716951,3.08434075528902
1916,11,12.3295555,13.0,-1.3295555114746094,-2.0,5.5321836900605295,9.513157894736842,2.35205945716951,3.08434075528902
3169,10,12.228446,11.0,-2.2284460067749023,-1.0,5.5321836900605295,9.513157894736842,2.35205945716951,3.08434075528902
755,13,9.969243,13.0,3.030756950378418,0.0,5.5321836900605295,9.513157894736842,2.35205945716951,3.08434075528902
2558,6,7.13809,8.0,-1.1380901336669922,-2.0,5.5321836900605295,9.513157894736842,2.35205945716951,3.08434075528902
3780,10,12.772446,13.0,-2.7724456787109375,-3.0,5.5321836900605295,9.513157894736842,2.35205945716951,3.08434075528902
3319,19,18.721909,16.0,0.2780914306640625,3.0,5.5321836900605295,9.513157894736842,2.35205945716951,3.08434075528902
1755,7,10.75728,10.0,-3.7572803497314453,-3.0,5.5321836900605295,9.513157894736842,2.35205945716951,3.08434075528902
143,11,9.854825,8.0,1.1451749801635742,3.0,5.5321836900605295,9.513157894736842,2.35205945716951,3.08434075528902
1606,10,9.88877,8.0,0.11122989654541016,2.0,5.5321836900605295,9.513157894736842,2.35205945716951,3.08434075528902
677,11,13.136908,15.0,-2.1369075775146484,-4.0,5.5321836900605295,9.513157894736842,2.35205945716951,3.08434075528902
3259,18,10.136646,10.0,7.863353729248047,8.0,5.5321836900605295,9.513157894736842,2.35205945716951,3.08434075528902
2104,11,10.449493,12.0,0.550506591796875,-1.0,5.5321836900605295,9.513157894736842,2.35205945716951,3.08434075528902
4048,13,10.072518,9.0,2.9274816513061523,4.0,5.5321836900605295,9.513157894736842,2.35205945716951,3.08434075528902
1498,11,9.090778,11.0,1.9092216491699219,0.0,5.5321836900605295,9.513157894736842,2.35205945716951,3.08434075528902
3191,13,10.259318,10.0,2.7406816482543945,3.0,5.5321836900605295,9.513157894736842,2.35205945716951,3.08434075528902
3911,10,6.9510646,7.0,3.0489354133605957,3.0,5.5321836900605295,9.513157894736842,2.35205945716951,3.08434075528902
615,13,13.450563,12.0,-0.4505634307861328,1.0,5.5321836900605295,9.513157894736842,2.35205945716951,3.08434075528902
1533,6,5.265105,5.0,0.7348952293395996,1.0,5.5321836900605295,9.513157894736842,2.35205945716951,3.08434075528902
326,7,8.333865,6.0,-1.3338651657104492,1.0,5.5321836900605295,9.513157894736842,2.35205945716951,3.08434075528902
4155,6,7.9426737,9.0,-1.942673683166504,-3.0,5.5321836900605295,9.513157894736842,2.35205945716951,3.08434075528902
2140,10,10.610545,18.0,-0.6105451583862305,-8.0,5.5321836900605295,9.513157894736842,2.35205945716951,3.08434075528902
2332,9,10.396676,11.0,-1.3966760635375977,-2.0,5.5321836900605295,9.513157894736842,2.35205945716951,3.08434075528902
114,11,9.468927,11.0,1.5310726165771484,0.0,5.5321836900605295,9.513157894736842,2.35205945716951,3.08434075528902
2172,5,4.2541637,3.0,0.7458362579345703,2.0,5.5321836900605295,9.513157894736842,2.35205945716951,3.08434075528902
4120,7,8.720048,9.0,-1.720047950744629,-2.0,5.5321836900605295,9.513157894736842,2.35205945716951,3.08434075528902
201,13,15.148364,17.0,-2.1483640670776367,-4.0,5.5321836900605295,9.513157894736842,2.35205945716951,3.08434075528902
2618,13,10.24005,11.0,2.7599496841430664,2.0,5.5321836900605295,9.513157894736842,2.35205945716951,3.08434075528902
644,9,9.507381,8.0,-0.5073814392089844,1.0,5.5321836900605295,9.513157894736842,2.35205945716951,3.08434075528902
3304,16,10.01768,8.0,5.9823198318481445,8.0,5.5321836900605295,9.513157894736842,2.35205945716951,3.08434075528902
1873,9,9.2595825,8.0,-0.25958251953125,1.0,5.5321836900605295,9.513157894736842,2.35205945716951,3.08434075528902
2419,10,9.920592,9.0,0.0794076919555664,1.0,5.5321836900605295,9.513157894736842,2.35205945716951,3.08434075528902
166,20,15.151003,18.0,4.848997116088867,2.0,5.5321836900605295,9.513157894736842,2.35205945716951,3.08434075528902
3662,8,10.271048,13.0,-2.271047592163086,-5.0,5.5321836900605295,9.513157894736842,2.35205945716951,3.08434075528902
479,16,14.344208,12.0,1.655792236328125,4.0,5.5321836900605295,9.513157894736842,2.35205945716951,3.08434075528902
2198,6,5.341885,5.0,0.6581149101257324,1.0,5.5321836900605295,9.513157894736842,2.35205945716951,3.08434075528902
144,10,9.928885,9.0,0.07111454010009766,1.0,5.5321836900605295,9.513157894736842,2.35205945716951,3.08434075528902
2776,10,11.0099,8.0,-1.0099000930786133,2.0,5.5321836900605295,9.513157894736842,2.35205945716951,3.08434075528902
384,10,9.90368,9.0,0.09632015228271484,1.0,5.5321836900605295,9.513157894736842,2.35205945716951,3.08434075528902
324,7,7.9498982,6.0,-0.9498982429504395,1.0,5.5321836900605295,9.513157894736842,2.35205945716951,3.08434075528902
1540,8,6.8283296,7.0,1.1716704368591309,1.0,5.5321836900605295,9.513157894736842,2.35205945716951,3.08434075528902
16,7,8.2381315,11.0,-1.2381315231323242,-4.0,5.5321836900605295,9.513157894736842,2.35205945716951,3.08434075528902
4060,8,7.7756257,9.0,0.22437429428100586,-1.0,5.5321836900605295,9.513157894736842,2.35205945716951,3.08434075528902
4170,10,11.776209,10.0,-1.7762088775634766,0.0,5.5321836900605295,9.513157894736842,2.35205945716951,3.08434075528902
3877,15,12.776467,15.0,2.2235326766967773,0.0,5.5321836900605295,9.513157894736842,2.35205945716951,3.08434075528902
949,6,9.278531,9.0,-3.278531074523926,-3.0,5.5321836900605295,9.513157894736842,2.35205945716951,3.08434075528902
491,13,11.250307,16.0,1.7496929168701172,-3.0,5.5321836900605295,9.513157894736842,2.35205945716951,3.08434075528902
2493,8,7.092267,7.0,0.9077329635620117,1.0,5.5321836900605295,9.513157894736842,2.35205945716951,3.08434075528902
2421,15,12.512841,12.0,2.48715877532959,3.0,5.5321836900605295,9.513157894736842,2.35205945716951,3.08434075528902
2092,10,11.762809,10.0,-1.7628087997436523,0.0,5.5321836900605295,9.513157894736842,2.35205945716951,3.08434075528902
1694,9,10.888169,12.0,-1.888169288635254,-3.0,5.5321836900605295,9.513157894736842,2.35205945716951,3.08434075528902
2150,10,9.822139,9.0,0.17786121368408203,1.0,5.5321836900605295,9.513157894736842,2.35205945716951,3.08434075528902
3146,14,11.961138,12.0,2.0388622283935547,2.0,5.5321836900605295,9.513157894736842,2.35205945716951,3.08434075528902
2644,8,7.5646176,8.0,0.4353823661804199,0.0,5.5321836900605295,9.513157894736842,2.35205945716951,3.08434075528902
1929,10,11.174581,11.0,-1.1745805740356445,-1.0,5.5321836900605295,9.513157894736842,2.35205945716951,3.08434075528902
3371,10,8.481062,11.0,1.5189380645751953,-1.0,5.5321836900605295,9.513157894736842,2.35205945716951,3.08434075528902
664,19,13.500587,9.0,5.499412536621094,10.0,5.5321836900605295,9.513157894736842,2.35205945716951,3.08434075528902
2960,10,11.59832,13.0,-1.5983200073242188,-3.0,5.5321836900605295,9.513157894736842,2.35205945716951,3.08434075528902
1464,9,8.67059,11.0,0.3294095993041992,-2.0,5.5321836900605295,9.513157894736842,2.35205945716951,3.08434075528902
1693,9,10.183497,10.0,-1.183497428894043,-1.0,5.5321836900605295,9.513157894736842,2.35205945716951,3.08434075528902
3170,14,9.7971525,10.0,4.202847480773926,4.0,5.5321836900605295,9.513157894736842,2.35205945716951,3.08434075528902
1061,6,5.5950913,6.0,0.4049086570739746,0.0,5.5321836900605295,9.513157894736842,2.35205945716951,3.08434075528902
3616,14,11.378937,11.0,2.621063232421875,3.0,5.5321836900605295,9.513157894736842,2.35205945716951,3.08434075528902
2215,10,11.636242,14.0,-1.6362419128417969,-4.0,5.5321836900605295,9.513157894736842,2.35205945716951,3.08434075528902
2838,9,9.474521,9.0,-0.4745206832885742,0.0,5.5321836900605295,9.513157894736842,2.35205945716951,3.08434075528902
3786,10,10.378473,9.0,-0.37847328186035156,1.0,5.5321836900605295,9.513157894736842,2.35205945716951,3.08434075528902
670,14,11.076614,11.0,2.9233856201171875,3.0,5.5321836900605295,9.513157894736842,2.35205945716951,3.08434075528902
1098,7,9.244342,8.0,-2.2443418502807617,-1.0,5.5321836900605295,9.513157894736842,2.35205945716951,3.08434075528902
3576,11,14.210513,13.0,-3.210513114929199,-2.0,5.5321836900605295,9.513157894736842,2.35205945716951,3.08434075528902
1196,11,10.822414,11.0,0.17758560180664062,0.0,5.5321836900605295,9.513157894736842,2.35205945716951,3.08434075528902
1272,8,7.6610713,9.0,0.3389286994934082,-1.0,5.5321836900605295,9.513157894736842,2.35205945716951,3.08434075528902
1107,8,8.626272,8.0,-0.6262722015380859,0.0,5.5321836900605295,9.513157894736842,2.35205945716951,3.08434075528902
3281,11,13.954781,10.0,-2.9547805786132812,1.0,5.5321836900605295,9.513157894736842,2.35205945716951,3.08434075528902
3925,8,10.36196,7.0,-2.3619604110717773,1.0,5.5321836900605295,9.513157894736842,2.35205945716951,3.08434075528902
2974,12,11.128777,11.0,0.8712234497070312,1.0,5.5321836900605295,9.513157894736842,2.35205945716951,3.08434075528902
853,9,11.72279,18.0,-2.722789764404297,-9.0,5.5321836900605295,9.513157894736842,2.35205945716951,3.08434075528902
3861,14,16.315695,12.0,-2.315694808959961,2.0,5.5321836900605295,9.513157894736842,2.35205945716951,3.08434075528902
1530,11,10.989575,10.0,0.010424613952636719,1.0,5.5321836900605295,9.513157894736842,2.35205945716951,3.08434075528902
2049,8,8.845724,8.0,-0.8457241058349609,0.0,5.5321836900605295,9.513157894736842,2.35205945716951,3.08434075528902
3104,10,11.205644,12.0,-1.205643653869629,-2.0,5.5321836900605295,9.513157894736842,2.35205945716951,3.08434075528902
3876,16,15.929284,20.0,0.07071590423583984,-4.0,5.5321836900605295,9.513157894736842,2.35205945716951,3.08434075528902
1440,7,6.758787,7.0,0.2412128448486328,0.0,5.5321836900605295,9.513157894736842,2.35205945716951,3.08434075528902
1355,11,9.313671,9.0,1.6863288879394531,2.0,5.5321836900605295,9.513157894736842,2.35205945716951,3.08434075528902
3171,13,12.787099,11.0,0.21290111541748047,2.0,5.5321836900605295,9.513157894736842,2.35205945716951,3.08434075528902
2951,11,15.381523,11.0,-4.381523132324219,0.0,5.5321836900605295,9.513157894736842,2.35205945716951,3.08434075528902
1001,9,9.862278,10.0,-0.8622779846191406,-1.0,5.5321836900605295,9.513157894736842,2.35205945716951,3.08434075528902
3803,7,5.980434,6.0,1.0195660591125488,1.0,5.5321836900605295,9.513157894736842,2.35205945716951,3.08434075528902
3168,15,13.785594,13.0,1.2144060134887695,2.0,5.5321836900605295,9.513157894736842,2.35205945716951,3.08434075528902
1781,8,9.30524,9.0,-1.3052396774291992,-1.0,5.5321836900605295,9.513157894736842,2.35205945716951,3.08434075528902
825,7,6.2787647,7.0,0.7212352752685547,0.0,5.5321836900605295,9.513157894736842,2.35205945716951,3.08434075528902
1830,7,7.4075923,7.0,-0.4075922966003418,0.0,5.5321836900605295,9.513157894736842,2.35205945716951,3.08434075528902
3420,10,11.609367,9.0,-1.6093673706054688,1.0,5.5321836900605295,9.513157894736842,2.35205945716951,3.08434075528902
1585,9,9.521737,10.0,-0.5217370986938477,-1.0,5.5321836900605295,9.513157894736842,2.35205945716951,3.08434075528902
2575,7,8.410435,10.0,-1.4104347229003906,-3.0,5.5321836900605295,9.513157894736842,2.35205945716951,3.08434075528902
1553,7,7.243077,6.0,-0.24307680130004883,1.0,5.5321836900605295,9.513157894736842,2.35205945716951,3.08434075528902
872,9,10.721374,11.0,-1.7213735580444336,-2.0,5.5321836900605295,9.513157894736842,2.35205945716951,3.08434075528902
3179,8,5.855807,7.0,2.144193172454834,1.0,5.5321836900605295,9.513157894736842,2.35205945716951,3.08434075528902
1339,8,9.670499,11.0,-1.6704988479614258,-3.0,5.5321836900605295,9.513157894736842,2.35205945716951,3.08434075528902
2184,6,5.8552413,6.0,0.1447587013244629,0.0,5.5321836900605295,9.513157894736842,2.35205945716951,3.08434075528902
2118,8,9.147379,8.0,-1.147378921508789,0.0,5.5321836900605295,9.513157894736842,2.35205945716951,3.08434075528902
806,6,5.5614038,5.0,0.438596248626709,1.0,5.5321836900605295,9.513157894736842,2.35205945716951,3.08434075528902
1600,7,8.565568,9.0,-1.565567970275879,-2.0,5.5321836900605295,9.513157894736842,2.35205945716951,3.08434075528902
2586,7,9.5004635,10.0,-2.5004634857177734,-3.0,5.5321836900605295,9.513157894736842,2.35205945716951,3.08434075528902
555,10,9.033241,7.0,0.9667587280273438,3.0,5.5321836900605295,9.513157894736842,2.35205945716951,3.08434075528902
2382,11,8.719036,10.0,2.280963897705078,1.0,5.5321836900605295,9.513157894736842,2.35205945716951,3.08434075528902
649,9,11.311282,8.0,-2.311282157897949,1.0,5.5321836900605295,9.513157894736842,2.35205945716951,3.08434075528902
1679,12,10.600206,10.0,1.3997936248779297,2.0,5.5321836900605295,9.513157894736842,2.35205945716951,3.08434075528902
2606,10,10.935178,9.0,-0.9351778030395508,1.0,5.5321836900605295,9.513157894736842,2.35205945716951,3.08434075528902
3851,10,16.890018,17.0,-6.890018463134766,-7.0,5.5321836900605295,9.513157894736842,2.35205945716951,3.08434075528902
2267,15,15.114306,12.0,-0.11430644989013672,3.0,5.5321836900605295,9.513157894736842,2.35205945716951,3.08434075528902
688,11,13.685828,15.0,-2.68582820892334,-4.0,5.5321836900605295,9.513157894736842,2.35205945716951,3.08434075528902
1006,11,9.524163,9.0,1.4758367538452148,2.0,5.5321836900605295,9.513157894736842,2.35205945716951,3.08434075528902
1035,10,9.772404,11.0,0.22759628295898438,-1.0,5.5321836900605295,9.513157894736842,2.35205945716951,3.08434075528902
471,10,9.187524,9.0,0.8124761581420898,1.0,5.5321836900605295,9.513157894736842,2.35205945716951,3.08434075528902
1822,11,11.436436,13.0,-0.4364356994628906,-2.0,5.5321836900605295,9.513157894736842,2.35205945716951,3.08434075528902
3703,11,10.347586,13.0,0.6524143218994141,-2.0,5.5321836900605295,9.513157894736842,2.35205945716951,3.08434075528902
73,11,12.043128,8.0,-1.0431280136108398,3.0,5.5321836900605295,9.513157894736842,2.35205945716951,3.08434075528902
1969,12,10.52741,10.0,1.472590446472168,2.0,5.5321836900605295,9.513157894736842,2.35205945716951,3.08434075528902
821,6,7.1543536,7.0,-1.1543536186218262,-1.0,5.5321836900605295,9.513157894736842,2.35205945716951,3.08434075528902
3222,18,14.977243,10.0,3.022756576538086,8.0,5.5321836900605295,9.513157894736842,2.35205945716951,3.08434075528902
1305,10,9.027343,10.0,0.9726572036743164,0.0,5.5321836900605295,9.513157894736842,2.35205945716951,3.08434075528902
1025,11,10.296759,9.0,0.7032413482666016,2.0,5.5321836900605295,9.513157894736842,2.35205945716951,3.08434075528902
223,11,9.802883,10.0,1.1971168518066406,1.0,5.5321836900605295,9.513157894736842,2.35205945716951,3.08434075528902
2136,9,16.19697,13.0,-7.196969985961914,-4.0,5.5321836900605295,9.513157894736842,2.35205945716951,3.08434075528902
1799,9,9.155712,11.0,-0.15571212768554688,-2.0,5.5321836900605295,9.513157894736842,2.35205945716951,3.08434075528902
4032,8,6.9225936,8.0,1.077406406402588,0.0,5.5321836900605295,9.513157894736842,2.35205945716951,3.08434075528902
2524,11,11.032865,10.0,-0.03286457061767578,1.0,5.5321836900605295,9.513157894736842,2.35205945716951,3.08434075528902
1454,6,10.036302,9.0,-4.036301612854004,-3.0,5.5321836900605295,9.513157894736842,2.35205945716951,3.08434075528902
3143,4,4.114061,4.0,-0.11406087875366211,0.0,5.5321836900605295,9.513157894736842,2.35205945716951,3.08434075528902
3081,14,19.820614,21.0,-5.820613861083984,-7.0,5.5321836900605295,9.513157894736842,2.35205945716951,3.08434075528902
486,11,11.079815,17.0,-0.07981491088867188,-6.0,5.5321836900605295,9.513157894736842,2.35205945716951,3.08434075528902
423,8,6.2028413,6.0,1.7971587181091309,2.0,5.5321836900605295,9.513157894736842,2.35205945716951,3.08434075528902
2510,8,5.8686357,6.0,2.131364345550537,2.0,5.5321836900605295,9.513157894736842,2.35205945716951,3.08434075528902
126,6,6.607016,6.0,-0.6070160865783691,0.0,5.5321836900605295,9.513157894736842,2.35205945716951,3.08434075528902
1577,8,8.72298,9.0,-0.7229795455932617,-1.0,5.5321836900605295,9.513157894736842,2.35205945716951,3.08434075528902
2408,15,11.764805,11.0,3.2351951599121094,4.0,5.5321836900605295,9.513157894736842,2.35205945716951,3.08434075528902
996,11,8.135383,10.0,2.864617347717285,1.0,5.5321836900605295,9.513157894736842,2.35205945716951,3.08434075528902
234,12,10.507748,7.0,1.4922523498535156,5.0,5.5321836900605295,9.513157894736842,2.35205945716951,3.08434075528902
2262,17,12.853146,16.0,4.146854400634766,1.0,5.5321836900605295,9.513157894736842,2.35205945716951,3.08434075528902
1746,10,11.146573,12.0,-1.1465730667114258,-2.0,5.5321836900605295,9.513157894736842,2.35205945716951,3.08434075528902
2414,9,7.3621073,9.0,1.637892723083496,0.0,5.5321836900605295,9.513157894736842,2.35205945716951,3.08434075528902
3670,8,9.514952,10.0,-1.5149517059326172,-2.0,5.5321836900605295,9.513157894736842,2.35205945716951,3.08434075528902
345,13,11.915703,16.0,1.0842971801757812,-3.0,5.5321836900605295,9.513157894736842,2.35205945716951,3.08434075528902
639,13,12.047967,13.0,0.9520330429077148,0.0,5.5321836900605295,9.513157894736842,2.35205945716951,3.08434075528902
518,4,7.339883,10.0,-3.3398828506469727,-6.0,5.5321836900605295,9.513157894736842,2.35205945716951,3.08434075528902
3777,9,9.477791,11.0,-0.47779083251953125,-2.0,5.5321836900605295,9.513157894736842,2.35205945716951,3.08434075528902
3604,8,7.1694603,7.0,0.8305397033691406,1.0,5.5321836900605295,9.513157894736842,2.35205945716951,3.08434075528902
2850,10,9.239598,8.0,0.760401725769043,2.0,5.5321836900605295,9.513157894736842,2.35205945716951,3.08434075528902
583,13,8.699496,16.0,4.300503730773926,-3.0,5.5321836900605295,9.513157894736842,2.35205945716951,3.08434075528902
739,10,9.71198,10.0,0.28802013397216797,0.0,5.5321836900605295,9.513157894736842,2.35205945716951,3.08434075528902
680,7,6.617279,8.0,0.382720947265625,-1.0,5.5321836900605295,9.513157894736842,2.35205945716951,3.08434075528902
1695,8,13.548205,15.0,-5.548205375671387,-7.0,5.5321836900605295,9.513157894736842,2.35205945716951,3.08434075528902
1322,10,10.201512,8.0,-0.20151233673095703,2.0,5.5321836900605295,9.513157894736842,2.35205945716951,3.08434075528902
2534,12,12.007417,10.0,-0.007416725158691406,2.0,5.5321836900605295,9.513157894736842,2.35205945716951,3.08434075528902
542,15,10.226498,11.0,4.773502349853516,4.0,5.5321836900605295,9.513157894736842,2.35205945716951,3.08434075528902
871,11,10.347032,11.0,0.6529684066772461,0.0,5.5321836900605295,9.513157894736842,2.35205945716951,3.08434075528902
1155,8,8.47716,9.0,-0.4771604537963867,-1.0,5.5321836900605295,9.513157894736842,2.35205945716951,3.08434075528902
1688,11,10.360196,10.0,0.6398038864135742,1.0,5.5321836900605295,9.513157894736842,2.35205945716951,3.08434075528902
3945,6,4.9887633,5.0,1.0112366676330566,1.0,5.5321836900605295,9.513157894736842,2.35205945716951,3.08434075528902
2909,9,10.041398,9.0,-1.041398048400879,0.0,5.5321836900605295,9.513157894736842,2.35205945716951,3.08434075528902
3076,11,17.110723,10.0,-6.110723495483398,1.0,5.5321836900605295,9.513157894736842,2.35205945716951,3.08434075528902
1134,8,8.575073,8.0,-0.5750732421875,0.0,5.5321836900605295,9.513157894736842,2.35205945716951,3.08434075528902
3940,11,11.946907,15.0,-0.9469070434570312,-4.0,5.5321836900605295,9.513157894736842,2.35205945716951,3.08434075528902
660,18,13.904564,10.0,4.095436096191406,8.0,5.5321836900605295,9.513157894736842,2.35205945716951,3.08434075528902
1902,11,10.392452,10.0,0.6075477600097656,1.0,5.5321836900605295,9.513157894736842,2.35205945716951,3.08434075528902
1811,11,11.5853,9.0,-0.5853004455566406,2.0,5.5321836900605295,9.513157894736842,2.35205945716951,3.08434075528902
1208,10,12.460876,16.0,-2.46087646484375,-6.0,5.5321836900605295,9.513157894736842,2.35205945716951,3.08434075528902
350,8,10.871559,9.0,-2.8715591430664062,-1.0,5.5321836900605295,9.513157894736842,2.35205945716951,3.08434075528902
1417,10,14.502302,14.0,-4.502302169799805,-4.0,5.5321836900605295,9.513157894736842,2.35205945716951,3.08434075528902
181,21,17.02638,17.0,3.9736194610595703,4.0,5.5321836900605295,9.513157894736842,2.35205945716951,3.08434075528902
3694,10,9.979135,11.0,0.020865440368652344,-1.0,5.5321836900605295,9.513157894736842,2.35205945716951,3.08434075528902
3900,15,10.983538,6.0,4.016462326049805,9.0,5.5321836900605295,9.513157894736842,2.35205945716951,3.08434075528902
3207,15,8.728472,9.0,6.271528244018555,6.0,5.5321836900605295,9.513157894736842,2.35205945716951,3.08434075528902
2246,10,10.515451,7.0,-0.5154514312744141,3.0,5.5321836900605295,9.513157894736842,2.35205945716951,3.08434075528902
3764,10,9.948604,9.0,0.05139636993408203,1.0,5.5321836900605295,9.513157894736842,2.35205945716951,3.08434075528902
3976,7,11.942527,9.0,-4.942526817321777,-2.0,5.5321836900605295,9.513157894736842,2.35205945716951,3.08434075528902
90,15,11.275817,7.0,3.7241830825805664,8.0,5.5321836900605295,9.513157894736842,2.35205945716951,3.08434075528902
2046,7,6.7484655,7.0,0.25153446197509766,0.0,5.5321836900605295,9.513157894736842,2.35205945716951,3.08434075528902
2784,9,9.436634,9.0,-0.4366340637207031,0.0,5.5321836900605295,9.513157894736842,2.35205945716951,3.08434075528902
1859,10,10.55911,10.0,-0.5591096878051758,0.0,5.5321836900605295,9.513157894736842,2.35205945716951,3.08434075528902
1909,9,10.708971,10.0,-1.7089710235595703,-1.0,5.5321836900605295,9.513157894736842,2.35205945716951,3.08434075528902
1854,8,11.656902,9.0,-3.656902313232422,-1.0,5.5321836900605295,9.513157894736842,2.35205945716951,3.08434075528902
3538,7,9.602268,12.0,-2.6022682189941406,-5.0,5.5321836900605295,9.513157894736842,2.35205945716951,3.08434075528902
3978,8,10.425098,11.0,-2.425098419189453,-3.0,5.5321836900605295,9.513157894736842,2.35205945716951,3.08434075528902
3560,10,7.9747515,11.0,2.0252485275268555,-1.0,5.5321836900605295,9.513157894736842,2.35205945716951,3.08434075528902
2182,13,13.779383,13.0,-0.7793827056884766,0.0,5.5321836900605295,9.513157894736842,2.35205945716951,3.08434075528902
3213,13,11.552752,9.0,1.4472484588623047,4.0,5.5321836900605295,9.513157894736842,2.35205945716951,3.08434075528902
1786,8,11.247513,12.0,-3.2475128173828125,-4.0,5.5321836900605295,9.513157894736842,2.35205945716951,3.08434075528902
1343,10,8.612486,10.0,1.3875141143798828,0.0,5.5321836900605295,9.513157894736842,2.35205945716951,3.08434075528902
3765,9,11.026777,14.0,-2.0267772674560547,-5.0,5.5321836900605295,9.513157894736842,2.35205945716951,3.08434075528902
3433,6,7.0635586,7.0,-1.063558578491211,-1.0,5.5321836900605295,9.513157894736842,2.35205945716951,3.08434075528902
2746,8,10.110066,13.0,-2.1100664138793945,-5.0,5.5321836900605295,9.513157894736842,2.35205945716951,3.08434075528902
2999,11,10.199787,9.0,0.8002128601074219,2.0,5.5321836900605295,9.513157894736842,2.35205945716951,3.08434075528902
772,8,9.052264,12.0,-1.0522642135620117,-4.0,5.5321836900605295,9.513157894736842,2.35205945716951,3.08434075528902
3981,8,11.066889,14.0,-3.0668888092041016,-6.0,5.5321836900605295,9.513157894736842,2.35205945716951,3.08434075528902
3059,11,11.478007,10.0,-0.47800731658935547,1.0,5.5321836900605295,9.513157894736842,2.35205945716951,3.08434075528902
3048,8,9.059668,10.0,-1.0596675872802734,-2.0,5.5321836900605295,9.513157894736842,2.35205945716951,3.08434075528902
4128,8,8.930319,10.0,-0.9303188323974609,-2.0,5.5321836900605295,9.513157894736842,2.35205945716951,3.08434075528902
163,18,17.50813,20.0,0.4918708801269531,-2.0,5.5321836900605295,9.513157894736842,2.35205945716951,3.08434075528902
2428,10,9.513486,8.0,0.4865140914916992,2.0,5.5321836900605295,9.513157894736842,2.35205945716951,3.08434075528902
1358,11,9.505653,10.0,1.4943466186523438,1.0,5.5321836900605295,9.513157894736842,2.35205945716951,3.08434075528902
3586,11,11.642253,12.0,-0.6422529220581055,-1.0,5.5321836900605295,9.513157894736842,2.35205945716951,3.08434075528902
193,8,8.913796,11.0,-0.9137964248657227,-3.0,5.5321836900605295,9.513157894736842,2.35205945716951,3.08434075528902
1433,6,6.1742525,7.0,-0.17425251007080078,-1.0,5.5321836900605295,9.513157894736842,2.35205945716951,3.08434075528902
2878,8,8.890241,7.0,-0.8902406692504883,1.0,5.5321836900605295,9.513157894736842,2.35205945716951,3.08434075528902
2327,13,11.352478,9.0,1.64752197265625,4.0,5.5321836900605295,9.513157894736842,2.35205945716951,3.08434075528902
1324,11,10.051811,18.0,0.9481887817382812,-7.0,5.5321836900605295,9.513157894736842,2.35205945716951,3.08434075528902
1708,14,10.4194355,12.0,3.580564498901367,2.0,5.5321836900605295,9.513157894736842,2.35205945716951,3.08434075528902
2389,11,10.562522,10.0,0.43747806549072266,1.0,5.5321836900605295,9.513157894736842,2.35205945716951,3.08434075528902
866,9,12.354755,9.0,-3.354755401611328,0.0,5.5321836900605295,9.513157894736842,2.35205945716951,3.08434075528902
1628,9,12.36304,11.0,-3.363039970397949,-2.0,5.5321836900605295,9.513157894736842,2.35205945716951,3.08434075528902
1228,4,6.5788555,6.0,-2.578855514526367,-2.0,5.5321836900605295,9.513157894736842,2.35205945716951,3.08434075528902
432,18,15.3334055,15.0,2.6665945053100586,3.0,5.5321836900605295,9.513157894736842,2.35205945716951,3.08434075528902
2481,8,9.618965,12.0,-1.6189651489257812,-4.0,5.5321836900605295,9.513157894736842,2.35205945716951,3.08434075528902
2897,10,8.264412,9.0,1.7355880737304688,1.0,5.5321836900605295,9.513157894736842,2.35205945716951,3.08434075528902
2081,8,10.319331,8.0,-2.319331169128418,0.0,5.5321836900605295,9.513157894736842,2.35205945716951,3.08434075528902
226,7,11.205689,12.0,-4.205689430236816,-5.0,5.5321836900605295,9.513157894736842,2.35205945716951,3.08434075528902
298,11,11.486263,12.0,-0.4862632751464844,-1.0,5.5321836900605295,9.513157894736842,2.35205945716951,3.08434075528902
1457,7,7.349844,6.0,-0.34984397888183594,1.0,5.5321836900605295,9.513157894736842,2.35205945716951,3.08434075528902
40,9,7.3223276,7.0,1.6776723861694336,2.0,5.5321836900605295,9.513157894736842,2.35205945716951,3.08434075528902
1673,9,10.133782,10.0,-1.1337823867797852,-1.0,5.5321836900605295,9.513157894736842,2.35205945716951,3.08434075528902
2739,7,8.1378355,8.0,-1.1378355026245117,-1.0,5.5321836900605295,9.513157894736842,2.35205945716951,3.08434075528902
3483,7,8.41676,7.0,-1.4167604446411133,0.0,5.5321836900605295,9.513157894736842,2.35205945716951,3.08434075528902
2069,9,8.487796,10.0,0.5122041702270508,-1.0,5.5321836900605295,9.513157894736842,2.35205945716951,3.08434075528902
2424,6,5.45927,5.0,0.5407299995422363,1.0,5.5321836900605295,9.513157894736842,2.35205945716951,3.08434075528902
2902,9,9.063461,9.0,-0.0634613037109375,0.0,5.5321836900605295,9.513157894736842,2.35205945716951,3.08434075528902
1362,12,8.512947,9.0,3.4870529174804688,3.0,5.5321836900605295,9.513157894736842,2.35205945716951,3.08434075528902
802,9,11.080355,8.0,-2.080354690551758,1.0,5.5321836900605295,9.513157894736842,2.35205945716951,3.08434075528902
2503,6,6.142266,6.0,-0.14226579666137695,0.0,5.5321836900605295,9.513157894736842,2.35205945716951,3.08434075528902
2700,13,9.884006,11.0,3.115994453430176,2.0,5.5321836900605295,9.513157894736842,2.35205945716951,3.08434075528902
3097,11,14.042838,15.0,-3.0428380966186523,-4.0,5.5321836900605295,9.513157894736842,2.35205945716951,3.08434075528902
1415,11,10.977939,10.0,0.02206134796142578,1.0,5.5321836900605295,9.513157894736842,2.35205945716951,3.08434075528902
1023,10,14.362696,14.0,-4.362695693969727,-4.0,5.5321836900605295,9.513157894736842,2.35205945716951,3.08434075528902
2506,7,6.2343407,5.0,0.7656593322753906,2.0,5.5321836900605295,9.513157894736842,2.35205945716951,3.08434075528902
1377,12,10.811517,9.0,1.1884832382202148,3.0,5.5321836900605295,9.513157894736842,2.35205945716951,3.08434075528902
411,14,12.662052,17.0,1.3379478454589844,-3.0,5.5321836900605295,9.513157894736842,2.35205945716951,3.08434075528902
1418,11,11.084596,13.0,-0.0845956802368164,-2.0,5.5321836900605295,9.513157894736842,2.35205945716951,3.08434075528902
2595,11,10.44679,8.0,0.5532102584838867,3.0,5.5321836900605295,9.513157894736842,2.35205945716951,3.08434075528902
764,14,12.146931,9.0,1.8530693054199219,5.0,5.5321836900605295,9.513157894736842,2.35205945716951,3.08434075528902
1915,11,9.373267,7.0,1.6267328262329102,4.0,5.5321836900605295,9.513157894736842,2.35205945716951,3.08434075528902
3239,15,11.568539,11.0,3.4314613342285156,4.0,5.5321836900605295,9.513157894736842,2.35205945716951,3.08434075528902
2591,8,8.024472,8.0,-0.02447223663330078,0.0,5.5321836900605295,9.513157894736842,2.35205945716951,3.08434075528902
3013,8,7.323307,7.0,0.6766929626464844,1.0,5.5321836900605295,9.513157894736842,2.35205945716951,3.08434075528902
251,13,11.723267,10.0,1.2767333984375,3.0,5.5321836900605295,9.513157894736842,2.35205945716951,3.08434075528902
3827,11,15.744121,12.0,-4.7441205978393555,-1.0,5.5321836900605295,9.513157894736842,2.35205945716951,3.08434075528902
3542,8,7.878313,7.0,0.12168693542480469,1.0,5.5321836900605295,9.513157894736842,2.35205945716951,3.08434075528902
2105,10,11.838676,11.0,-1.8386764526367188,-1.0,5.5321836900605295,9.513157894736842,2.35205945716951,3.08434075528902
4015,10,8.504538,14.0,1.495462417602539,-4.0,5.5321836900605295,9.513157894736842,2.35205945716951,3.08434075528902
424,6,5.4585524,5.0,0.541447639465332,1.0,5.5321836900605295,9.513157894736842,2.35205945716951,3.08434075528902
2862,10,10.414319,9.0,-0.4143190383911133,1.0,5.5321836900605295,9.513157894736842,2.35205945716951,3.08434075528902
538,5,5.7408485,5.0,-0.7408485412597656,0.0,5.5321836900605295,9.513157894736842,2.35205945716951,3.08434075528902
2124,7,8.775491,8.0,-1.7754907608032227,-1.0,5.5321836900605295,9.513157894736842,2.35205945716951,3.08434075528902
2272,15,16.670134,17.0,-1.6701335906982422,-2.0,5.5321836900605295,9.513157894736842,2.35205945716951,3.08434075528902
2126,10,9.2722025,7.0,0.7277975082397461,3.0,5.5321836900605295,9.513157894736842,2.35205945716951,3.08434075528902
1034,9,9.425922,12.0,-0.4259223937988281,-3.0,5.5321836900605295,9.513157894736842,2.35205945716951,3.08434075528902
83,21,19.153536,13.0,1.8464641571044922,8.0,5.5321836900605295,9.513157894736842,2.35205945716951,3.08434075528902
372,19,16.359825,19.0,2.6401748657226562,0.0,5.5321836900605295,9.513157894736842,2.35205945716951,3.08434075528902
279,11,11.182136,9.0,-0.18213558197021484,2.0,5.5321836900605295,9.513157894736842,2.35205945716951,3.08434075528902
2590,8,8.6479025,9.0,-0.6479024887084961,-1.0,5.5321836900605295,9.513157894736842,2.35205945716951,3.08434075528902
2422,12,10.232456,13.0,1.7675437927246094,-1.0,5.5321836900605295,9.513157894736842,2.35205945716951,3.08434075528902
176,5,6.011264,6.0,-1.0112638473510742,-1.0,5.5321836900605295,9.513157894736842,2.35205945716951,3.08434075528902
3573,10,10.076805,9.0,-0.07680511474609375,1.0,5.5321836900605295,9.513157894736842,2.35205945716951,3.08434075528902
2003,6,6.7854385,7.0,-0.7854385375976562,-1.0,5.5321836900605295,9.513157894736842,2.35205945716951,3.08434075528902
2799,10,9.4495,11.0,0.5504999160766602,-1.0,5.5321836900605295,9.513157894736842,2.35205945716951,3.08434075528902
1710,10,10.884821,11.0,-0.8848209381103516,-1.0,5.5321836900605295,9.513157894736842,2.35205945716951,3.08434075528902
1776,9,8.793495,9.0,0.20650482177734375,0.0,5.5321836900605295,9.513157894736842,2.35205945716951,3.08434075528902
108,9,14.311422,13.0,-5.311422348022461,-4.0,5.5321836900605295,9.513157894736842,2.35205945716951,3.08434075528902
558,13,12.473125,12.0,0.5268745422363281,1.0,5.5321836900605295,9.513157894736842,2.35205945716951,3.08434075528902
3321,11,9.429046,11.0,1.5709543228149414,0.0,5.5321836900605295,9.513157894736842,2.35205945716951,3.08434075528902
1439,8,6.808091,8.0,1.191908836364746,0.0,5.5321836900605295,9.513157894736842,2.35205945716951,3.08434075528902
440,10,7.9110236,7.0,2.0889763832092285,3.0,5.5321836900605295,9.513157894736842,2.35205945716951,3.08434075528902
1064,6,5.7991056,6.0,0.20089435577392578,0.0,5.5321836900605295,9.513157894736842,2.35205945716951,3.08434075528902
1437,6,6.9306555,7.0,-0.9306554794311523,-1.0,5.5321836900605295,9.513157894736842,2.35205945716951,3.08434075528902
3749,7,9.770657,8.0,-2.7706565856933594,-1.0,5.5321836900605295,9.513157894736842,2.35205945716951,3.08434075528902
2406,10,17.326431,12.0,-7.3264312744140625,-2.0,5.5321836900605295,9.513157894736842,2.35205945716951,3.08434075528902
485,13,12.479315,9.0,0.5206851959228516,4.0,5.5321836900605295,9.513157894736842,2.35205945716951,3.08434075528902
3415,9,14.818132,10.0,-5.818132400512695,-1.0,5.5321836900605295,9.513157894736842,2.35205945716951,3.08434075528902
2682,10,10.485689,12.0,-0.4856891632080078,-2.0,5.5321836900605295,9.513157894736842,2.35205945716951,3.08434075528902
3676,10,10.318728,15.0,-0.3187284469604492,-5.0,5.5321836900605295,9.513157894736842,2.35205945716951,3.08434075528902
1979,13,14.336325,10.0,-1.336324691772461,3.0,5.5321836900605295,9.513157894736842,2.35205945716951,3.08434075528902
2654,9,9.028753,9.0,-0.028753280639648438,0.0,5.5321836900605295,9.513157894736842,2.35205945716951,3.08434075528902
1880,10,9.94115,10.0,0.05885028839111328,0.0,5.5321836900605295,9.513157894736842,2.35205945716951,3.08434075528902
2729,7,7.004711,6.0,-0.004711151123046875,1.0,5.5321836900605295,9.513157894736842,2.35205945716951,3.08434075528902
367,10,10.101283,11.0,-0.10128307342529297,-1.0,5.5321836900605295,9.513157894736842,2.35205945716951,3.08434075528902
417,20,11.969877,13.0,8.030122756958008,7.0,5.5321836900605295,9.513157894736842,2.35205945716951,3.08434075528902
1528,13,13.66074,10.0,-0.6607398986816406,3.0,5.5321836900605295,9.513157894736842,2.35205945716951,3.08434075528902
1336,10,9.329888,8.0,0.6701116561889648,2.0,5.5321836900605295,9.513157894736842,2.35205945716951,3.08434075528902
1351,12,8.964411,9.0,3.0355892181396484,3.0,5.5321836900605295,9.513157894736842,2.35205945716951,3.08434075528902
366,11,9.746879,8.0,1.2531213760375977,3.0,5.5321836900605295,9.513157894736842,2.35205945716951,3.08434075528902
2089,10,14.337998,17.0,-4.337998390197754,-7.0,5.5321836900605295,9.513157894736842,2.35205945716951,3.08434075528902
734,18,13.536133,13.0,4.4638671875,5.0,5.5321836900605295,9.513157894736842,2.35205945716951,3.08434075528902
4058,10,10.2686615,8.0,-0.2686614990234375,2.0,5.5321836900605295,9.513157894736842,2.35205945716951,3.08434075528902
443,10,6.769796,6.0,3.2302041053771973,4.0,5.5321836900605295,9.513157894736842,2.35205945716951,3.08434075528902
846,11,9.232791,9.0,1.7672090530395508,2.0,5.5321836900605295,9.513157894736842,2.35205945716951,3.08434075528902
616,12,9.6829605,11.0,2.3170394897460938,1.0,5.5321836900605295,9.513157894736842,2.35205945716951,3.08434075528902
3696,13,11.429472,11.0,1.5705280303955078,2.0,5.5321836900605295,9.513157894736842,2.35205945716951,3.08434075528902
170,14,18.929905,16.0,-4.929904937744141,-2.0,5.5321836900605295,9.513157894736842,2.35205945716951,3.08434075528902
3921,10,8.545544,8.0,1.4544563293457031,2.0,5.5321836900605295,9.513157894736842,2.35205945716951,3.08434075528902
3484,8,11.644025,6.0,-3.6440248489379883,2.0,5.5321836900605295,9.513157894736842,2.35205945716951,3.08434075528902
2711,3,4.2255645,5.0,-1.2255644798278809,-2.0,5.5321836900605295,9.513157894736842,2.35205945716951,3.08434075528902
2495,12,13.253894,13.0,-1.2538938522338867,-1.0,5.5321836900605295,9.513157894736842,2.35205945716951,3.08434075528902
593,19,14.823418,12.0,4.176582336425781,7.0,5.5321836900605295,9.513157894736842,2.35205945716951,3.08434075528902
262,11,11.684007,14.0,-0.6840066909790039,-3.0,5.5321836900605295,9.513157894736842,2.35205945716951,3.08434075528902
552,12,11.000608,11.0,0.9993915557861328,1.0,5.5321836900605295,9.513157894736842,2.35205945716951,3.08434075528902
155,10,9.139868,10.0,0.8601322174072266,0.0,5.5321836900605295,9.513157894736842,2.35205945716951,3.08434075528902
3219,16,13.462394,16.0,2.5376062393188477,0.0,5.5321836900605295,9.513157894736842,2.35205945716951,3.08434075528902
4071,8,8.032814,8.0,-0.03281402587890625,0.0,5.5321836900605295,9.513157894736842,2.35205945716951,3.08434075528902
659,11,13.579892,12.0,-2.579892158508301,-1.0,5.5321836900605295,9.513157894736842,2.35205945716951,3.08434075528902
3591,9,10.36434,10.0,-1.364339828491211,-1.0,5.5321836900605295,9.513157894736842,2.35205945716951,3.08434075528902
2589,7,10.647312,19.0,-3.6473121643066406,-12.0,5.5321836900605295,9.513157894736842,2.35205945716951,3.08434075528902
3094,9,10.692179,8.0,-1.692178726196289,1.0,5.5321836900605295,9.513157894736842,2.35205945716951,3.08434075528902
3859,9,12.453325,9.0,-3.4533252716064453,0.0,5.5321836900605295,9.513157894736842,2.35205945716951,3.08434075528902
3553,9,9.531528,7.0,-0.5315284729003906,2.0,5.5321836900605295,9.513157894736842,2.35205945716951,3.08434075528902
1637,8,15.275002,12.0,-7.275001525878906,-4.0,5.5321836900605295,9.513157894736842,2.35205945716951,3.08434075528902
1448,9,7.6035123,7.0,1.3964877128601074,2.0,5.5321836900605295,9.513157894736842,2.35205945716951,3.08434075528902
1650,11,10.455052,10.0,0.544947624206543,1.0,5.5321836900605295,9.513157894736842,2.35205945716951,3.08434075528902
2982,9,10.622318,9.0,-1.6223182678222656,0.0,5.5321836900605295,9.513157894736842,2.35205945716951,3.08434075528902
535,11,10.350727,7.0,0.6492729187011719,4.0,5.5321836900605295,9.513157894736842,2.35205945716951,3.08434075528902
4146,10,11.225214,14.0,-1.2252140045166016,-4.0,5.5321836900605295,9.513157894736842,2.35205945716951,3.08434075528902
152,10,16.041397,16.0,-6.0413970947265625,-6.0,5.5321836900605295,9.513157894736842,2.35205945716951,3.08434075528902
2880,8,9.164509,12.0,-1.1645088195800781,-4.0,5.5321836900605295,9.513157894736842,2.35205945716951,3.08434075528902
2006,7,7.8238325,9.0,-0.8238325119018555,-2.0,5.5321836900605295,9.513157894736842,2.35205945716951,3.08434075528902
1232,7,6.9666066,7.0,0.03339338302612305,0.0,5.5321836900605295,9.513157894736842,2.35205945716951,3.08434075528902
2412,7,8.46877,11.0,-1.4687700271606445,-4.0,5.5321836900605295,9.513157894736842,2.35205945716951,3.08434075528902
1632,8,11.366985,9.0,-3.366985321044922,-1.0,5.5321836900605295,9.513157894736842,2.35205945716951,3.08434075528902
2763,10,8.349617,9.0,1.6503829956054688,1.0,5.5321836900605295,9.513157894736842,2.35205945716951,3.08434075528902
3680,9,9.975994,14.0,-0.9759941101074219,-5.0,5.5321836900605295,9.513157894736842,2.35205945716951,3.08434075528902
2119,9,8.173652,9.0,0.8263483047485352,0.0,5.5321836900605295,9.513157894736842,2.35205945716951,3.08434075528902
429,18,20.902609,17.0,-2.902608871459961,1.0,5.5321836900605295,9.513157894736842,2.35205945716951,3.08434075528902
2394,14,10.741005,10.0,3.2589950561523438,4.0,5.5321836900605295,9.513157894736842,2.35205945716951,3.08434075528902
3692,11,11.050594,9.0,-0.050594329833984375,2.0,5.5321836900605295,9.513157894736842,2.35205945716951,3.08434075528902
353,9,8.845402,9.0,0.15459823608398438,0.0,5.5321836900605295,9.513157894736842,2.35205945716951,3.08434075528902
3460,9,9.615683,10.0,-0.6156826019287109,-1.0,5.5321836900605295,9.513157894736842,2.35205945716951,3.08434075528902
2456,5,4.969463,5.0,0.030537128448486328,0.0,5.5321836900605295,9.513157894736842,2.35205945716951,3.08434075528902
506,12,9.964356,15.0,2.0356435775756836,-3.0,5.5321836900605295,9.513157894736842,2.35205945716951,3.08434075528902
3778,9,9.109143,8.0,-0.10914325714111328,1.0,5.5321836900605295,9.513157894736842,2.35205945716951,3.08434075528902
3211,10,10.635982,10.0,-0.635981559753418,0.0,5.5321836900605295,9.513157894736842,2.35205945716951,3.08434075528902
760,15,14.174283,18.0,0.8257169723510742,-3.0,5.5321836900605295,9.513157894736842,2.35205945716951,3.08434075528902
1883,8,10.300488,16.0,-2.3004884719848633,-8.0,5.5321836900605295,9.513157894736842,2.35205945716951,3.08434075528902
540,15,10.3908205,14.0,4.609179496765137,1.0,5.5321836900605295,9.513157894736842,2.35205945716951,3.08434075528902
2117,7,8.617117,9.0,-1.617116928100586,-2.0,5.5321836900605295,9.513157894736842,2.35205945716951,3.08434075528902
612,9,8.735585,10.0,0.26441478729248047,-1.0,5.5321836900605295,9.513157894736842,2.35205945716951,3.08434075528902
3265,14,9.943518,12.0,4.056482315063477,2.0,5.5321836900605295,9.513157894736842,2.35205945716951,3.08434075528902
2849,10,9.637531,12.0,0.3624687194824219,-2.0,5.5321836900605295,9.513157894736842,2.35205945716951,3.08434075528902
3769,9,9.764587,6.0,-0.76458740234375,3.0,5.5321836900605295,9.513157894736842,2.35205945716951,3.08434075528902
1638,9,14.160537,11.0,-5.160536766052246,-2.0,5.5321836900605295,9.513157894736842,2.35205945716951,3.08434075528902
1810,9,9.653291,9.0,-0.6532907485961914,0.0,5.5321836900605295,9.513157894736842,2.35205945716951,3.08434075528902
3592,11,10.685206,10.0,0.31479358673095703,1.0,5.5321836900605295,9.513157894736842,2.35205945716951,3.08434075528902
3103,11,11.518824,11.0,-0.5188236236572266,0.0,5.5321836900605295,9.513157894736842,2.35205945716951,3.08434075528902
1719,11,10.906721,14.0,0.09327888488769531,-3.0,5.5321836900605295,9.513157894736842,2.35205945716951,3.08434075528902
645,11,7.906337,7.0,3.093663215637207,4.0,5.5321836900605295,9.513157894736842,2.35205945716951,3.08434075528902
2665,8,8.334586,9.0,-0.33458614349365234,-1.0,5.5321836900605295,9.513157894736842,2.35205945716951,3.08434075528902
2390,16,11.05958,8.0,4.940420150756836,8.0,5.5321836900605295,9.513157894736842,2.35205945716951,3.08434075528902
2896,8,9.126738,8.0,-1.1267375946044922,0.0,5.5321836900605295,9.513157894736842,2.35205945716951,3.08434075528902
1473,8,9.982592,9.0,-1.9825916290283203,-1.0,5.5321836900605295,9.513157894736842,2.35205945716951,3.08434075528902
3463,11,13.504449,17.0,-2.504448890686035,-6.0,5.5321836900605295,9.513157894736842,2.35205945716951,3.08434075528902
2981,8,6.8646502,6.0,1.1353497505187988,2.0,5.5321836900605295,9.513157894736842,2.35205945716951,3.08434075528902
3716,5,4.2168965,13.0,0.7831034660339355,-8.0,5.5321836900605295,9.513157894736842,2.35205945716951,3.08434075528902
1742,11,11.615552,12.0,-0.6155519485473633,-1.0,5.5321836900605295,9.513157894736842,2.35205945716951,3.08434075528902
2957,11,13.778771,15.0,-2.77877140045166,-4.0,5.5321836900605295,9.513157894736842,2.35205945716951,3.08434075528902
1369,10,11.77306,9.0,-1.7730598449707031,1.0,5.5321836900605295,9.513157894736842,2.35205945716951,3.08434075528902
534,10,9.536466,8.0,0.4635343551635742,2.0,5.5321836900605295,9.513157894736842,2.35205945716951,3.08434075528902
2096,11,12.210174,19.0,-1.2101736068725586,-8.0,5.5321836900605295,9.513157894736842,2.35205945716951,3.08434075528902
2574,8,7.271682,7.0,0.7283182144165039,1.0,5.5321836900605295,9.513157894736842,2.35205945716951,3.08434075528902
3338,16,16.626776,21.0,-0.6267757415771484,-5.0,5.5321836900605295,9.513157894736842,2.35205945716951,3.08434075528902
238,3,2.1839488,3.0,0.8160512447357178,0.0,5.5321836900605295,9.513157894736842,2.35205945716951,3.08434075528902
874,11,10.608523,11.0,0.3914766311645508,0.0,5.5321836900605295,9.513157894736842,2.35205945716951,3.08434075528902
1581,8,9.256578,7.0,-1.2565784454345703,1.0,5.5321836900605295,9.513157894736842,2.35205945716951,3.08434075528902
1868,8,10.090115,10.0,-2.0901145935058594,-2.0,5.5321836900605295,9.513157894736842,2.35205945716951,3.08434075528902
1074,7,7.234013,8.0,-0.23401308059692383,-1.0,5.5321836900605295,9.513157894736842,2.35205945716951,3.08434075528902
133,7,7.221505,7.0,-0.22150516510009766,0.0,5.5321836900605295,9.513157894736842,2.35205945716951,3.08434075528902
1861,8,9.55754,15.0,-1.557539939880371,-7.0,5.5321836900605295,9.513157894736842,2.35205945716951,3.08434075528902
930,7,7.339386,7.0,-0.339385986328125,0.0,5.5321836900605295,9.513157894736842,2.35205945716951,3.08434075528902
403,10,8.729923,7.0,1.2700767517089844,3.0,5.5321836900605295,9.513157894736842,2.35205945716951,3.08434075528902
3870,15,10.394326,11.0,4.605673789978027,4.0,5.5321836900605295,9.513157894736842,2.35205945716951,3.08434075528902
1712,9,10.161272,11.0,-1.1612720489501953,-2.0,5.5321836900605295,9.513157894736842,2.35205945716951,3.08434075528902
3840,9,12.241481,8.0,-3.241480827331543,1.0,5.5321836900605295,9.513157894736842,2.35205945716951,3.08434075528902
1659,10,10.518246,10.0,-0.5182456970214844,0.0,5.5321836900605295,9.513157894736842,2.35205945716951,3.08434075528902
2472,14,11.646007,11.0,2.3539934158325195,3.0,5.5321836900605295,9.513157894736842,2.35205945716951,3.08434075528902
2033,10,9.351695,11.0,0.6483049392700195,-1.0,5.5321836900605295,9.513157894736842,2.35205945716951,3.08434075528902
3503,11,10.390203,18.0,0.6097965240478516,-7.0,5.5321836900605295,9.513157894736842,2.35205945716951,3.08434075528902
1761,12,11.59769,17.0,0.4023103713989258,-5.0,5.5321836900605295,9.513157894736842,2.35205945716951,3.08434075528902
2040,8,8.592054,7.0,-0.5920543670654297,1.0,5.5321836900605295,9.513157894736842,2.35205945716951,3.08434075528902
3782,11,11.706663,10.0,-0.7066631317138672,1.0,5.5321836900605295,9.513157894736842,2.35205945716951,3.08434075528902
344,8,11.925687,16.0,-3.925686836242676,-8.0,5.5321836900605295,9.513157894736842,2.35205945716951,3.08434075528902
2780,10,10.753402,10.0,-0.7534017562866211,0.0,5.5321836900605295,9.513157894736842,2.35205945716951,3.08434075528902
2901,8,9.079911,9.0,-1.079911231994629,-1.0,5.5321836900605295,9.513157894736842,2.35205945716951,3.08434075528902
1141,10,11.325001,11.0,-1.3250007629394531,-1.0,5.5321836900605295,9.513157894736842,2.35205945716951,3.08434075528902
2128,12,15.473613,16.0,-3.4736127853393555,-4.0,5.5321836900605295,9.513157894736842,2.35205945716951,3.08434075528902
1102,6,8.567328,8.0,-2.567328453063965,-2.0,5.5321836900605295,9.513157894736842,2.35205945716951,3.08434075528902
595,13,13.354206,15.0,-0.3542060852050781,-2.0,5.5321836900605295,9.513157894736842,2.35205945716951,3.08434075528902
1762,12,13.796699,11.0,-1.7966985702514648,1.0,5.5321836900605295,9.513157894736842,2.35205945716951,3.08434075528902
1867,9,8.561074,7.0,0.43892574310302734,2.0,5.5321836900605295,9.513157894736842,2.35205945716951,3.08434075528902
2788,10,9.228937,10.0,0.7710628509521484,0.0,5.5321836900605295,9.513157894736842,2.35205945716951,3.08434075528902
2626,4,4.3999496,4.0,-0.3999495506286621,0.0,5.5321836900605295,9.513157894736842,2.35205945716951,3.08434075528902
3061,10,14.1863785,17.0,-4.186378479003906,-7.0,5.5321836900605295,9.513157894736842,2.35205945716951,3.08434075528902
2429,9,8.954957,10.0,0.045042991638183594,-1.0,5.5321836900605295,9.513157894736842,2.35205945716951,3.08434075528902
1156,10,8.518819,10.0,1.4811811447143555,0.0,5.5321836900605295,9.513157894736842,2.35205945716951,3.08434075528902
769,17,12.104194,8.0,4.895806312561035,9.0,5.5321836900605295,9.513157894736842,2.35205945716951,3.08434075528902
3312,17,12.8870125,13.0,4.112987518310547,4.0,5.5321836900605295,9.513157894736842,2.35205945716951,3.08434075528902
4077,9,8.831721,8.0,0.16827869415283203,1.0,5.5321836900605295,9.513157894736842,2.35205945716951,3.08434075528902
3063,9,9.631652,9.0,-0.6316518783569336,0.0,5.5321836900605295,9.513157894736842,2.35205945716951,3.08434075528902
4162,8,7.891229,12.0,0.10877084732055664,-4.0,5.5321836900605295,9.513157894736842,2.35205945716951,3.08434075528902
3507,11,11.069352,11.0,-0.0693521499633789,0.0,5.5321836900605295,9.513157894736842,2.35205945716951,3.08434075528902
1326,8,8.653195,9.0,-0.6531953811645508,-1.0,5.5321836900605295,9.513157894736842,2.35205945716951,3.08434075528902
3429,6,5.5614038,5.0,0.438596248626709,1.0,5.5321836900605295,9.513157894736842,2.35205945716951,3.08434075528902
2021,9,8.172707,6.0,0.8272933959960938,3.0,5.5321836900605295,9.513157894736842,2.35205945716951,3.08434075528902
962,8,8.475006,13.0,-0.475006103515625,-5.0,5.5321836900605295,9.513157894736842,2.35205945716951,3.08434075528902
3536,8,7.0000067,8.0,0.9999933242797852,0.0,5.5321836900605295,9.513157894736842,2.35205945716951,3.08434075528902
1364,12,11.2067375,12.0,0.7932624816894531,0.0,5.5321836900605295,9.513157894736842,2.35205945716951,3.08434075528902
2604,10,11.87857,13.0,-1.8785696029663086,-3.0,5.5321836900605295,9.513157894736842,2.35205945716951,3.08434075528902
357,18,11.928189,11.0,6.071810722351074,7.0,5.5321836900605295,9.513157894736842,2.35205945716951,3.08434075528902
4156,8,8.062622,9.0,-0.0626220703125,-1.0,5.5321836900605295,9.513157894736842,2.35205945716951,3.08434075528902
569,11,8.847476,7.0,2.152523994445801,4.0,5.5321836900605295,9.513157894736842,2.35205945716951,3.08434075528902
3880,7,6.9336576,8.0,0.06634235382080078,-1.0,5.5321836900605295,9.513157894736842,2.35205945716951,3.08434075528902
2010,7,7.04618,7.0,-0.046179771423339844,0.0,5.5321836900605295,9.513157894736842,2.35205945716951,3.08434075528902
3481,6,5.339348,7.0,0.6606521606445312,-1.0,5.5321836900605295,9.513157894736842,2.35205945716951,3.08434075528902
2914,9,11.032427,9.0,-2.0324268341064453,0.0,5.5321836900605295,9.513157894736842,2.35205945716951,3.08434075528902
2910,11,10.707428,9.0,0.292572021484375,2.0,5.5321836900605295,9.513157894736842,2.35205945716951,3.08434075528902
19,9,7.9492483,7.0,1.0507516860961914,2.0,5.5321836900605295,9.513157894736842,2.35205945716951,3.08434075528902
1384,9,9.344279,9.0,-0.34427928924560547,0.0,5.5321836900605295,9.513157894736842,2.35205945716951,3.08434075528902
2064,8,8.41357,8.0,-0.4135704040527344,0.0,5.5321836900605295,9.513157894736842,2.35205945716951,3.08434075528902
2114,4,2.946372,3.0,1.0536279678344727,1.0,5.5321836900605295,9.513157894736842,2.35205945716951,3.08434075528902
1738,11,10.827798,11.0,0.17220211029052734,0.0,5.5321836900605295,9.513157894736842,2.35205945716951,3.08434075528902
3760,9,10.939014,9.0,-1.9390144348144531,0.0,5.5321836900605295,9.513157894736842,2.35205945716951,3.08434075528902
1441,6,8.354103,8.0,-2.3541030883789062,-2.0,5.5321836900605295,9.513157894736842,2.35205945716951,3.08434075528902
820,7,6.996115,6.0,0.0038847923278808594,1.0,5.5321836900605295,9.513157894736842,2.35205945716951,3.08434075528902
261,12,10.823313,9.0,1.176687240600586,3.0,5.5321836900605295,9.513157894736842,2.35205945716951,3.08434075528902
3543,8,7.215538,7.0,0.7844619750976562,1.0,5.5321836900605295,9.513157894736842,2.35205945716951,3.08434075528902
2730,6,6.265755,6.0,-0.26575517654418945,0.0,5.5321836900605295,9.513157894736842,2.35205945716951,3.08434075528902
3153,9,8.1740675,11.0,0.825932502746582,-2.0,5.5321836900605295,9.513157894736842,2.35205945716951,3.08434075528902
3091,10,8.898168,10.0,1.101832389831543,0.0,5.5321836900605295,9.513157894736842,2.35205945716951,3.08434075528902
2047,6,7.1891394,6.0,-1.1891393661499023,0.0,5.5321836900605295,9.513157894736842,2.35205945716951,3.08434075528902
1912,10,9.981389,8.0,0.01861095428466797,2.0,5.5321836900605295,9.513157894736842,2.35205945716951,3.08434075528902
253,15,10.568093,9.0,4.431906700134277,6.0,5.5321836900605295,9.513157894736842,2.35205945716951,3.08434075528902
757,15,19.121185,16.0,-4.121185302734375,-1.0,5.5321836900605295,9.513157894736842,2.35205945716951,3.08434075528902
1234,5,6.749223,7.0,-1.749223232269287,-2.0,5.5321836900605295,9.513157894736842,2.35205945716951,3.08434075528902
124,6,7.075747,7.0,-1.075747013092041,-1.0,5.5321836900605295,9.513157894736842,2.35205945716951,3.08434075528902
3399,8,9.78712,9.0,-1.7871198654174805,-1.0,5.5321836900605295,9.513157894736842,2.35205945716951,3.08434075528902
1366,9,9.299002,11.0,-0.29900169372558594,-2.0,5.5321836900605295,9.513157894736842,2.35205945716951,3.08434075528902
2011,8,7.005423,7.0,0.9945769309997559,1.0,5.5321836900605295,9.513157894736842,2.35205945716951,3.08434075528902
748,14,13.303538,13.0,0.6964616775512695,1.0,5.5321836900605295,9.513157894736842,2.35205945716951,3.08434075528902
743,17,16.344227,20.0,0.6557731628417969,-3.0,5.5321836900605295,9.513157894736842,2.35205945716951,3.08434075528902
1502,11,9.900545,9.0,1.0994548797607422,2.0,5.5321836900605295,9.513157894736842,2.35205945716951,3.08434075528902
3602,5,6.6901727,6.0,-1.6901726722717285,-1.0,5.5321836900605295,9.513157894736842,2.35205945716951,3.08434075528902
214,14,14.546514,8.0,-0.546513557434082,6.0,5.5321836900605295,9.513157894736842,2.35205945716951,3.08434075528902
3495,8,9.1018305,8.0,-1.1018304824829102,0.0,5.5321836900605295,9.513157894736842,2.35205945716951,3.08434075528902
3635,6,6.312531,6.0,-0.3125309944152832,0.0,5.5321836900605295,9.513157894736842,2.35205945716951,3.08434075528902
1419,12,9.061909,11.0,2.938091278076172,1.0,5.5321836900605295,9.513157894736842,2.35205945716951,3.08434075528902
3456,12,9.920345,12.0,2.0796546936035156,0.0,5.5321836900605295,9.513157894736842,2.35205945716951,3.08434075528902
3972,8,8.495576,7.0,-0.4955759048461914,1.0,5.5321836900605295,9.513157894736842,2.35205945716951,3.08434075528902
3526,6,6.741487,7.0,-0.7414870262145996,-1.0,5.5321836900605295,9.513157894736842,2.35205945716951,3.08434075528902
3359,20,16.059206,16.0,3.940793991088867,4.0,5.5321836900605295,9.513157894736842,2.35205945716951,3.08434075528902
3930,21,12.540074,17.0,8.459925651550293,4.0,5.5321836900605295,9.513157894736842,2.35205945716951,3.08434075528902
2772,10,10.729637,10.0,-0.7296371459960938,0.0,5.5321836900605295,9.513157894736842,2.35205945716951,3.08434075528902
235,9,7.2926664,6.0,1.7073335647583008,3.0,5.5321836900605295,9.513157894736842,2.35205945716951,3.08434075528902
2919,10,10.740146,9.0,-0.7401456832885742,1.0,5.5321836900605295,9.513157894736842,2.35205945716951,3.08434075528902
1513,8,10.185404,14.0,-2.185403823852539,-6.0,5.5321836900605295,9.513157894736842,2.35205945716951,3.08434075528902
1335,9,10.556509,8.0,-1.556509017944336,1.0,5.5321836900605295,9.513157894736842,2.35205945716951,3.08434075528902
3739,9,10.361703,10.0,-1.3617029190063477,-1.0,5.5321836900605295,9.513157894736842,2.35205945716951,3.08434075528902
222,9,14.152869,11.0,-5.15286922454834,-2.0,5.5321836900605295,9.513157894736842,2.35205945716951,3.08434075528902
1412,10,12.693133,12.0,-2.6931333541870117,-2.0,5.5321836900605295,9.513157894736842,2.35205945716951,3.08434075528902
4171,8,8.924292,9.0,-0.9242916107177734,-1.0,5.5321836900605295,9.513157894736842,2.35205945716951,3.08434075528902
1602,9,10.432874,10.0,-1.4328737258911133,-1.0,5.5321836900605295,9.513157894736842,2.35205945716951,3.08434075528902
1734,12,9.385563,8.0,2.6144371032714844,4.0,5.5321836900605295,9.513157894736842,2.35205945716951,3.08434075528902
4023,6,5.2311645,5.0,0.7688355445861816,1.0,5.5321836900605295,9.513157894736842,2.35205945716951,3.08434075528902
2477,13,18.03691,19.0,-5.036909103393555,-6.0,5.5321836900605295,9.513157894736842,2.35205945716951,3.08434075528902
3752,8,8.321919,11.0,-0.32191944122314453,-3.0,5.5321836900605295,9.513157894736842,2.35205945716951,3.08434075528902
945,8,9.155346,7.0,-1.1553459167480469,1.0,5.5321836900605295,9.513157894736842,2.35205945716951,3.08434075528902
726,10,9.371399,9.0,0.62860107421875,1.0,5.5321836900605295,9.513157894736842,2.35205945716951,3.08434075528902
2777,9,9.390223,10.0,-0.39022254943847656,-1.0,5.5321836900605295,9.513157894736842,2.35205945716951,3.08434075528902
1150,9,8.629755,9.0,0.37024497985839844,0.0,5.5321836900605295,9.513157894736842,2.35205945716951,3.08434075528902
1313,9,8.39506,10.0,0.6049404144287109,-1.0,5.5321836900605295,9.513157894736842,2.35205945716951,3.08434075528902
1066,6,5.74075,6.0,0.2592501640319824,0.0,5.5321836900605295,9.513157894736842,2.35205945716951,3.08434075528902
2821,7,7.7657914,8.0,-0.7657914161682129,-1.0,5.5321836900605295,9.513157894736842,2.35205945716951,3.08434075528902
3362,9,8.785529,12.0,0.21447086334228516,-3.0,5.5321836900605295,9.513157894736842,2.35205945716951,3.08434075528902
2807,13,10.023489,9.0,2.976511001586914,4.0,5.5321836900605295,9.513157894736842,2.35205945716951,3.08434075528902
2497,12,13.09165,17.0,-1.0916500091552734,-5.0,5.5321836900605295,9.513157894736842,2.35205945716951,3.08434075528902
1788,10,11.006852,10.0,-1.006852149963379,0.0,5.5321836900605295,9.513157894736842,2.35205945716951,3.08434075528902
2352,18,12.829006,16.0,5.170993804931641,2.0,5.5321836900605295,9.513157894736842,2.35205945716951,3.08434075528902
3844,14,13.24214,9.0,0.7578601837158203,5.0,5.5321836900605295,9.513157894736842,2.35205945716951,3.08434075528902
2309,13,11.331266,16.0,1.6687335968017578,-3.0,5.5321836900605295,9.513157894736842,2.35205945716951,3.08434075528902
1758,11,13.104297,11.0,-2.1042966842651367,0.0,5.5321836900605295,9.513157894736842,2.35205945716951,3.08434075528902
2015,8,7.212649,8.0,0.787351131439209,0.0,5.5321836900605295,9.513157894736842,2.35205945716951,3.08434075528902
3329,10,9.9982815,12.0,0.0017185211181640625,-2.0,5.5321836900605295,9.513157894736842,2.35205945716951,3.08434075528902
1341,10,11.225842,18.0,-1.2258424758911133,-8.0,5.5321836900605295,9.513157894736842,2.35205945716951,3.08434075528902
334,16,13.679765,12.0,2.320235252380371,4.0,5.5321836900605295,9.513157894736842,2.35205945716951,3.08434075528902
3438,6,6.968021,7.0,-0.9680209159851074,-1.0,5.5321836900605295,9.513157894736842,2.35205945716951,3.08434075528902
2599,8,9.690053,8.0,-1.6900529861450195,0.0,5.5321836900605295,9.513157894736842,2.35205945716951,3.08434075528902
333,5,5.192114,4.0,-0.19211387634277344,1.0,5.5321836900605295,9.513157894736842,2.35205945716951,3.08434075528902
296,6,6.016082,5.0,-0.016081809997558594,1.0,5.5321836900605295,9.513157894736842,2.35205945716951,3.08434075528902
1347,9,9.498721,10.0,-0.4987211227416992,-1.0,5.5321836900605295,9.513157894736842,2.35205945716951,3.08434075528902
4114,9,8.453405,9.0,0.5465946197509766,0.0,5.5321836900605295,9.513157894736842,2.35205945716951,3.08434075528902
3656,11,8.67206,8.0,2.327939987182617,3.0,5.5321836900605295,9.513157894736842,2.35205945716951,3.08434075528902
650,5,5.976844,7.0,-0.9768438339233398,-2.0,5.5321836900605295,9.513157894736842,2.35205945716951,3.08434075528902
512,10,12.129197,8.0,-2.129197120666504,2.0,5.5321836900605295,9.513157894736842,2.35205945716951,3.08434075528902
355,20,15.118644,16.0,4.881356239318848,4.0,5.5321836900605295,9.513157894736842,2.35205945716951,3.08434075528902
796,11,10.901677,10.0,0.09832286834716797,1.0,5.5321836900605295,9.513157894736842,2.35205945716951,3.08434075528902
3523,4,5.617593,7.0,-1.6175928115844727,-3.0,5.5321836900605295,9.513157894736842,2.35205945716951,3.08434075528902
362,20,11.935829,10.0,8.064170837402344,10.0,5.5321836900605295,9.513157894736842,2.35205945716951,3.08434075528902
2189,10,12.560614,15.0,-2.5606136322021484,-5.0,5.5321836900605295,9.513157894736842,2.35205945716951,3.08434075528902
3167,15,11.377491,9.0,3.622509002685547,6.0,5.5321836900605295,9.513157894736842,2.35205945716951,3.08434075528902
2038,5,5.55002,6.0,-0.5500202178955078,-1.0,5.5321836900605295,9.513157894736842,2.35205945716951,3.08434075528902
3204,15,14.550042,16.0,0.44995784759521484,-1.0,5.5321836900605295,9.513157894736842,2.35205945716951,3.08434075528902
2475,12,13.517422,12.0,-1.5174217224121094,0.0,5.5321836900605295,9.513157894736842,2.35205945716951,3.08434075528902
1289,8,8.621515,8.0,-0.6215152740478516,0.0,5.5321836900605295,9.513157894736842,2.35205945716951,3.08434075528902
2544,10,10.721341,11.0,-0.7213411331176758,-1.0,5.5321836900605295,9.513157894736842,2.35205945716951,3.08434075528902
1759,12,12.086592,11.0,-0.08659172058105469,1.0,5.5321836900605295,9.513157894736842,2.35205945716951,3.08434075528902
1000,11,7.655891,8.0,3.344109058380127,3.0,5.5321836900605295,9.513157894736842,2.35205945716951,3.08434075528902
4087,10,10.731436,10.0,-0.7314357757568359,0.0,5.5321836900605295,9.513157894736842,2.35205945716951,3.08434075528902
2697,10,10.69481,12.0,-0.6948099136352539,-2.0,5.5321836900605295,9.513157894736842,2.35205945716951,3.08434075528902
1280,8,9.772124,12.0,-1.7721242904663086,-4.0,5.5321836900605295,9.513157894736842,2.35205945716951,3.08434075528902
3428,4,5.3391814,5.0,-1.3391814231872559,-1.0,5.5321836900605295,9.513157894736842,2.35205945716951,3.08434075528902
3614,11,11.2236595,13.0,-0.22365951538085938,-2.0,5.5321836900605295,9.513157894736842,2.35205945716951,3.08434075528902
1646,9,10.3398285,11.0,-1.3398284912109375,-2.0,5.5321836900605295,9.513157894736842,2.35205945716951,3.08434075528902
3046,11,11.304268,10.0,-0.30426788330078125,1.0,5.5321836900605295,9.513157894736842,2.35205945716951,3.08434075528902
3245,13,14.47334,13.0,-1.4733400344848633,0.0,5.5321836900605295,9.513157894736842,2.35205945716951,3.08434075528902
1809,8,10.386751,10.0,-2.386751174926758,-2.0,5.5321836900605295,9.513157894736842,2.35205945716951,3.08434075528902
1297,9,8.028595,9.0,0.971405029296875,0.0,5.5321836900605295,9.513157894736842,2.35205945716951,3.08434075528902
2734,8,7.77305,8.0,0.22695016860961914,0.0,5.5321836900605295,9.513157894736842,2.35205945716951,3.08434075528902
801,10,10.832931,11.0,-0.8329305648803711,-1.0,5.5321836900605295,9.513157894736842,2.35205945716951,3.08434075528902
2305,23,14.506461,8.0,8.493538856506348,15.0,5.5321836900605295,9.513157894736842,2.35205945716951,3.08434075528902
606,9,8.439314,10.0,0.5606861114501953,-1.0,5.5321836900605295,9.513157894736842,2.35205945716951,3.08434075528902
2413,12,10.902311,16.0,1.0976886749267578,-4.0,5.5321836900605295,9.513157894736842,2.35205945716951,3.08434075528902
919,6,6.9866734,8.0,-0.9866733551025391,-2.0,5.5321836900605295,9.513157894736842,2.35205945716951,3.08434075528902
2329,15,13.016721,9.0,1.9832792282104492,6.0,5.5321836900605295,9.513157894736842,2.35205945716951,3.08434075528902
2778,8,8.622167,8.0,-0.622166633605957,0.0,5.5321836900605295,9.513157894736842,2.35205945716951,3.08434075528902
3956,12,11.151445,11.0,0.8485546112060547,1.0,5.5321836900605295,9.513157894736842,2.35205945716951,3.08434075528902
701,14,11.080686,11.0,2.919314384460449,3.0,5.5321836900605295,9.513157894736842,2.35205945716951,3.08434075528902
3706,11,10.866213,11.0,0.1337871551513672,0.0,5.5321836900605295,9.513157894736842,2.35205945716951,3.08434075528902
480,29,11.778488,14.0,17.221511840820312,15.0,5.5321836900605295,9.513157894736842,2.35205945716951,3.08434075528902
2704,10,10.179328,11.0,-0.17932796478271484,-1.0,5.5321836900605295,9.513157894736842,2.35205945716951,3.08434075528902
4030,7,6.7268004,6.0,0.27319955825805664,1.0,5.5321836900605295,9.513157894736842,2.35205945716951,3.08434075528902
3524,6,5.886851,6.0,0.11314916610717773,0.0,5.5321836900605295,9.513157894736842,2.35205945716951,3.08434075528902
182,10,12.886182,16.0,-2.8861818313598633,-6.0,5.5321836900605295,9.513157894736842,2.35205945716951,3.08434075528902
3353,8,9.2519,12.0,-1.2518997192382812,-4.0,5.5321836900605295,9.513157894736842,2.35205945716951,3.08434075528902
2703,11,10.781431,14.0,0.2185688018798828,-3.0,5.5321836900605295,9.513157894736842,2.35205945716951,3.08434075528902
196,11,11.117056,15.0,-0.11705589294433594,-4.0,5.5321836900605295,9.513157894736842,2.35205945716951,3.08434075528902
2450,10,8.969328,13.0,1.0306720733642578,-3.0,5.5321836900605295,9.513157894736842,2.35205945716951,3.08434075528902
1643,8,8.847193,8.0,-0.8471927642822266,0.0,5.5321836900605295,9.513157894736842,2.35205945716951,3.08434075528902
1261,9,7.7539797,8.0,1.2460203170776367,1.0,5.5321836900605295,9.513157894736842,2.35205945716951,3.08434075528902
2568,7,6.9704375,8.0,0.02956247329711914,-1.0,5.5321836900605295,9.513157894736842,2.35205945716951,3.08434075528902
2699,11,10.129709,9.0,0.8702907562255859,2.0,5.5321836900605295,9.513157894736842,2.35205945716951,3.08434075528902
3065,11,10.173403,8.0,0.8265972137451172,3.0,5.5321836900605295,9.513157894736842,2.35205945716951,3.08434075528902
4100,9,9.9636965,10.0,-0.9636964797973633,-1.0,5.5321836900605295,9.513157894736842,2.35205945716951,3.08434075528902
1176,10,11.198635,11.0,-1.1986351013183594,-1.0,5.5321836900605295,9.513157894736842,2.35205945716951,3.08434075528902
933,7,8.859945,11.0,-1.859945297241211,-4.0,5.5321836900605295,9.513157894736842,2.35205945716951,3.08434075528902
2884,9,9.148246,9.0,-0.14824581146240234,0.0,5.5321836900605295,9.513157894736842,2.35205945716951,3.08434075528902
2143,10,9.731094,8.0,0.2689056396484375,2.0,5.5321836900605295,9.513157894736842,2.35205945716951,3.08434075528902
158,13,9.528774,9.0,3.4712257385253906,4.0,5.5321836900605295,9.513157894736842,2.35205945716951,3.08434075528902
2980,7,7.812154,8.0,-0.8121538162231445,-1.0,5.5321836900605295,9.513157894736842,2.35205945716951,3.08434075528902
2561,6,7.229903,7.0,-1.229903221130371,-1.0,5.5321836900605295,9.513157894736842,2.35205945716951,3.08434075528902
2135,12,8.244288,15.0,3.755711555480957,-3.0,5.5321836900605295,9.513157894736842,2.35205945716951,3.08434075528902
2689,9,10.639487,10.0,-1.6394872665405273,-1.0,5.5321836900605295,9.513157894736842,2.35205945716951,3.08434075528902
1995,6,5.383935,5.0,0.6160650253295898,1.0,5.5321836900605295,9.513157894736842,2.35205945716951,3.08434075528902
3001,11,9.352081,10.0,1.647918701171875,1.0,5.5321836900605295,9.513157894736842,2.35205945716951,3.08434075528902
383,12,10.750192,16.0,1.2498083114624023,-4.0,5.5321836900605295,9.513157894736842,2.35205945716951,3.08434075528902
2457,5,5.3391814,6.0,-0.33918142318725586,-1.0,5.5321836900605295,9.513157894736842,2.35205945716951,3.08434075528902
3116,10,9.275073,11.0,0.7249269485473633,-1.0,5.5321836900605295,9.513157894736842,2.35205945716951,3.08434075528902
1707,12,10.473621,9.0,1.5263786315917969,3.0,5.5321836900605295,9.513157894736842,2.35205945716951,3.08434075528902
3809,8,10.486555,12.0,-2.4865550994873047,-4.0,5.5321836900605295,9.513157894736842,2.35205945716951,3.08434075528902
3337,15,11.86479,12.0,3.1352100372314453,3.0,5.5321836900605295,9.513157894736842,2.35205945716951,3.08434075528902
3603,7,7.481121,6.0,-0.4811210632324219,1.0,5.5321836900605295,9.513157894736842,2.35205945716951,3.08434075528902
3723,9,9.011764,8.0,-0.011763572692871094,1.0,5.5321836900605295,9.513157894736842,2.35205945716951,3.08434075528902
1405,13,12.631491,10.0,0.36850929260253906,3.0,5.5321836900605295,9.513157894736842,2.35205945716951,3.08434075528902
961,9,8.634603,9.0,0.36539745330810547,0.0,5.5321836900605295,9.513157894736842,2.35205945716951,3.08434075528902
2507,7,7.0095963,7.0,-0.00959634780883789,0.0,5.5321836900605295,9.513157894736842,2.35205945716951,3.08434075528902
2509,6,6.4947386,6.0,-0.4947385787963867,0.0,5.5321836900605295,9.513157894736842,2.35205945716951,3.08434075528902
3894,12,10.926702,11.0,1.073298454284668,1.0,5.5321836900605295,9.513157894736842,2.35205945716951,3.08434075528902
1959,13,11.191399,12.0,1.8086013793945312,1.0,5.5321836900605295,9.513157894736842,2.35205945716951,3.08434075528902
2193,6,5.168757,5.0,0.8312430381774902,1.0,5.5321836900605295,9.513157894736842,2.35205945716951,3.08434075528902
2922,11,9.866435,15.0,1.1335649490356445,-4.0,5.5321836900605295,9.513157894736842,2.35205945716951,3.08434075528902
2612,11,11.80429,11.0,-0.8042898178100586,0.0,5.5321836900605295,9.513157894736842,2.35205945716951,3.08434075528902
328,8,9.167134,10.0,-1.1671342849731445,-2.0,5.5321836900605295,9.513157894736842,2.35205945716951,3.08434075528902
1641,9,8.431833,11.0,0.5681667327880859,-2.0,5.5321836900605295,9.513157894736842,2.35205945716951,3.08434075528902
3225,9,9.093249,9.0,-0.09324932098388672,0.0,5.5321836900605295,9.513157894736842,2.35205945716951,3.08434075528902
1435,5,7.249725,8.0,-2.249724864959717,-3.0,5.5321836900605295,9.513157894736842,2.35205945716951,3.08434075528902
584,11,8.30185,9.0,2.6981496810913086,2.0,5.5321836900605295,9.513157894736842,2.35205945716951,3.08434075528902
730,11,19.186152,17.0,-8.186151504516602,-6.0,5.5321836900605295,9.513157894736842,2.35205945716951,3.08434075528902
2658,8,8.752984,9.0,-0.7529840469360352,-1.0,5.5321836900605295,9.513157894736842,2.35205945716951,3.08434075528902
1071,7,7.155584,7.0,-0.15558385848999023,0.0,5.5321836900605295,9.513157894736842,2.35205945716951,3.08434075528902
1474,9,9.427336,10.0,-0.4273357391357422,-1.0,5.5321836900605295,9.513157894736842,2.35205945716951,3.08434075528902
3100,10,10.136421,11.0,-0.13642120361328125,-1.0,5.5321836900605295,9.513157894736842,2.35205945716951,3.08434075528902
2178,15,14.36853,12.0,0.6314697265625,3.0,5.5321836900605295,9.513157894736842,2.35205945716951,3.08434075528902
458,10,7.823758,6.0,2.176241874694824,4.0,5.5321836900605295,9.513157894736842,2.35205945716951,3.08434075528902
1493,8,9.078086,11.0,-1.0780858993530273,-3.0,5.5321836900605295,9.513157894736842,2.35205945716951,3.08434075528902
699,16,11.120674,7.0,4.879325866699219,9.0,5.5321836900605295,9.513157894736842,2.35205945716951,3.08434075528902
3036,11,11.204979,14.0,-0.20497894287109375,-3.0,5.5321836900605295,9.513157894736842,2.35205945716951,3.08434075528902
1199,10,12.051701,13.0,-2.0517005920410156,-3.0,5.5321836900605295,9.513157894736842,2.35205945716951,3.08434075528902
629,10,9.261005,10.0,0.7389945983886719,0.0,5.5321836900605295,9.513157894736842,2.35205945716951,3.08434075528902
252,12,9.9052925,10.0,2.094707489013672,2.0,5.5321836900605295,9.513157894736842,2.35205945716951,3.08434075528902
315,8,8.59887,12.0,-0.5988702774047852,-4.0,5.5321836900605295,9.513157894736842,2.35205945716951,3.08434075528902
1651,8,9.122528,10.0,-1.122528076171875,-2.0,5.5321836900605295,9.513157894736842,2.35205945716951,3.08434075528902
1197,12,11.114495,9.0,0.8855047225952148,3.0,5.5321836900605295,9.513157894736842,2.35205945716951,3.08434075528902
1609,8,8.162615,8.0,-0.1626148223876953,0.0,5.5321836900605295,9.513157894736842,2.35205945716951,3.08434075528902
2316,13,10.553709,8.0,2.446290969848633,5.0,5.5321836900605295,9.513157894736842,2.35205945716951,3.08434075528902
3849,6,8.968731,9.0,-2.968730926513672,-3.0,5.5321836900605295,9.513157894736842,2.35205945716951,3.08434075528902
1291,13,9.535482,7.0,3.464517593383789,6.0,5.5321836900605295,9.513157894736842,2.35205945716951,3.08434075528902
519,6,8.048776,6.0,-2.0487756729125977,0.0,5.5321836900605295,9.513157894736842,2.35205945716951,3.08434075528902
603,11,9.995254,9.0,1.004746437072754,2.0,5.5321836900605295,9.513157894736842,2.35205945716951,3.08434075528902
2407,12,13.593942,8.0,-1.5939416885375977,4.0,5.5321836900605295,9.513157894736842,2.35205945716951,3.08434075528902
3998,6,6.4512835,5.0,-0.45128345489501953,1.0,5.5321836900605295,9.513157894736842,2.35205945716951,3.08434075528902
332,5,5.6332736,6.0,-0.6332736015319824,-1.0,5.5321836900605295,9.513157894736842,2.35205945716951,3.08434075528902
1127,8,8.291356,8.0,-0.29135608673095703,0.0,5.5321836900605295,9.513157894736842,2.35205945716951,3.08434075528902
1255,7,8.232891,8.0,-1.2328910827636719,-1.0,5.5321836900605295,9.513157894736842,2.35205945716951,3.08434075528902
2802,9,11.21078,9.0,-2.210780143737793,0.0,5.5321836900605295,9.513157894736842,2.35205945716951,3.08434075528902
3496,8,8.924258,9.0,-0.9242582321166992,-1.0,5.5321836900605295,9.513157894736842,2.35205945716951,3.08434075528902
1091,6,6.7989573,5.0,-0.798957347869873,1.0,5.5321836900605295,9.513157894736842,2.35205945716951,3.08434075528902
3443,7,8.010977,7.0,-1.010976791381836,0.0,5.5321836900605295,9.513157894736842,2.35205945716951,3.08434075528902
2471,20,18.205872,15.0,1.79412841796875,5.0,5.5321836900605295,9.513157894736842,2.35205945716951,3.08434075528902
1737,10,12.407153,10.0,-2.4071531295776367,0.0,5.5321836900605295,9.513157894736842,2.35205945716951,3.08434075528902
1578,8,7.6031623,8.0,0.3968377113342285,0.0,5.5321836900605295,9.513157894736842,2.35205945716951,3.08434075528902
3462,10,15.982751,21.0,-5.98275089263916,-11.0,5.5321836900605295,9.513157894736842,2.35205945716951,3.08434075528902
3800,12,12.525272,12.0,-0.5252723693847656,0.0,5.5321836900605295,9.513157894736842,2.35205945716951,3.08434075528902
2761,10,10.016487,9.0,-0.01648712158203125,1.0,5.5321836900605295,9.513157894736842,2.35205945716951,3.08434075528902
477,17,14.501629,12.0,2.498371124267578,5.0,5.5321836900605295,9.513157894736842,2.35205945716951,3.08434075528902
113,9,10.020931,9.0,-1.0209312438964844,0.0,5.5321836900605295,9.513157894736842,2.35205945716951,3.08434075528902
3014,6,7.3311768,8.0,-1.3311767578125,-2.0,5.5321836900605295,9.513157894736842,2.35205945716951,3.08434075528902
1922,8,10.755457,11.0,-2.7554569244384766,-3.0,5.5321836900605295,9.513157894736842,2.35205945716951,3.08434075528902
2818,8,6.0580134,5.0,1.9419865608215332,3.0,5.5321836900605295,9.513157894736842,2.35205945716951,3.08434075528902
3244,19,12.537196,10.0,6.462803840637207,9.0,5.5321836900605295,9.513157894736842,2.35205945716951,3.08434075528902
2874,8,8.3770685,12.0,-0.37706851959228516,-4.0,5.5321836900605295,9.513157894736842,2.35205945716951,3.08434075528902
1119,10,8.284289,6.0,1.7157106399536133,4.0,5.5321836900605295,9.513157894736842,2.35205945716951,3.08434075528902
2522,11,10.781896,10.0,0.21810436248779297,1.0,5.5321836900605295,9.513157894736842,2.35205945716951,3.08434075528902
2463,17,15.590706,14.0,1.4092941284179688,3.0,5.5321836900605295,9.513157894736842,2.35205945716951,3.08434075528902
47,7,8.99338,9.0,-1.9933795928955078,-2.0,5.5321836900605295,9.513157894736842,2.35205945716951,3.08434075528902
2882,9,10.16283,9.0,-1.1628303527832031,0.0,5.5321836900605295,9.513157894736842,2.35205945716951,3.08434075528902
3154,7,9.391887,8.0,-2.3918867111206055,-1.0,5.5321836900605295,9.513157894736842,2.35205945716951,3.08434075528902
3962,10,12.838943,13.0,-2.838942527770996,-3.0,5.5321836900605295,9.513157894736842,2.35205945716951,3.08434075528902
1831,6,7.2435036,8.0,-1.2435035705566406,-2.0,5.5321836900605295,9.513157894736842,2.35205945716951,3.08434075528902
1904,9,11.381486,9.0,-2.381485939025879,0.0,5.5321836900605295,9.513157894736842,2.35205945716951,3.08434075528902
2022,9,8.281241,8.0,0.7187585830688477,1.0,5.5321836900605295,9.513157894736842,2.35205945716951,3.08434075528902
3527,7,7.5384955,6.0,-0.5384955406188965,1.0,5.5321836900605295,9.513157894736842,2.35205945716951,3.08434075528902
1466,8,8.648003,7.0,-0.6480026245117188,1.0,5.5321836900605295,9.513157894736842,2.35205945716951,3.08434075528902
494,17,11.1702175,11.0,5.829782485961914,6.0,5.5321836900605295,9.513157894736842,2.35205945716951,3.08434075528902
2614,9,9.875679,10.0,-0.8756790161132812,-1.0,5.5321836900605295,9.513157894736842,2.35205945716951,3.08434075528902
2491,10,13.907403,11.0,-3.907402992248535,-1.0,5.5321836900605295,9.513157894736842,2.35205945716951,3.08434075528902
3974,8,6.836111,8.0,1.163888931274414,0.0,5.5321836900605295,9.513157894736842,2.35205945716951,3.08434075528902
442,19,12.384608,17.0,6.615391731262207,2.0,5.5321836900605295,9.513157894736842,2.35205945716951,3.08434075528902
2834,8,8.957619,10.0,-0.9576187133789062,-2.0,5.5321836900605295,9.513157894736842,2.35205945716951,3.08434075528902
3817,8,7.222094,8.0,0.7779059410095215,0.0,5.5321836900605295,9.513157894736842,2.35205945716951,3.08434075528902
3854,11,14.836862,13.0,-3.8368616104125977,-2.0,5.5321836900605295,9.513157894736842,2.35205945716951,3.08434075528902
3423,11,9.816911,8.0,1.183089256286621,3.0,5.5321836900605295,9.513157894736842,2.35205945716951,3.08434075528902
3547,9,7.7691627,9.0,1.230837345123291,0.0,5.5321836900605295,9.513157894736842,2.35205945716951,3.08434075528902
533,9,8.418172,7.0,0.5818281173706055,2.0,5.5321836900605295,9.513157894736842,2.35205945716951,3.08434075528902
3324,12,6.9991145,6.0,5.000885486602783,6.0,5.5321836900605295,9.513157894736842,2.35205945716951,3.08434075528902
1496,9,10.166124,10.0,-1.1661243438720703,-1.0,5.5321836900605295,9.513157894736842,2.35205945716951,3.08434075528902
151,9,10.1966305,18.0,-1.1966304779052734,-9.0,5.5321836900605295,9.513157894736842,2.35205945716951,3.08434075528902
377,10,8.974626,11.0,1.025374412536621,-1.0,5.5321836900605295,9.513157894736842,2.35205945716951,3.08434075528902
359,16,10.098521,10.0,5.9014787673950195,6.0,5.5321836900605295,9.513157894736842,2.35205945716951,3.08434075528902
391,10,7.9690523,8.0,2.030947685241699,2.0,5.5321836900605295,9.513157894736842,2.35205945716951,3.08434075528902
4101,11,10.672876,10.0,0.32712364196777344,1.0,5.5321836900605295,9.513157894736842,2.35205945716951,3.08434075528902
1076,7,6.971009,7.0,0.028991222381591797,0.0,5.5321836900605295,9.513157894736842,2.35205945716951,3.08434075528902
3175,11,11.527215,11.0,-0.5272150039672852,0.0,5.5321836900605295,9.513157894736842,2.35205945716951,3.08434075528902
2181,16,12.473563,12.0,3.5264368057250977,4.0,5.5321836900605295,9.513157894736842,2.35205945716951,3.08434075528902
1988,5,3.9388936,4.0,1.0611064434051514,1.0,5.5321836900605295,9.513157894736842,2.35205945716951,3.08434075528902
747,9,10.1779,9.0,-1.1779003143310547,0.0,5.5321836900605295,9.513157894736842,2.35205945716951,3.08434075528902
1777,9,11.594022,8.0,-2.594021797180176,1.0,5.5321836900605295,9.513157894736842,2.35205945716951,3.08434075528902
2660,8,9.324015,9.0,-1.324014663696289,-1.0,5.5321836900605295,9.513157894736842,2.35205945716951,3.08434075528902
1681,11,11.118964,14.0,-0.11896419525146484,-3.0,5.5321836900605295,9.513157894736842,2.35205945716951,3.08434075528902
1954,11,10.144335,9.0,0.8556652069091797,2.0,5.5321836900605295,9.513157894736842,2.35205945716951,3.08434075528902
2230,13,12.696163,9.0,0.3038368225097656,4.0,5.5321836900605295,9.513157894736842,2.35205945716951,3.08434075528902
3824,7,10.2341795,10.0,-3.2341794967651367,-3.0,5.5321836900605295,9.513157894736842,2.35205945716951,3.08434075528902
2939,10,9.594617,10.0,0.4053831100463867,0.0,5.5321836900605295,9.513157894736842,2.35205945716951,3.08434075528902
63,7,8.643873,7.0,-1.6438732147216797,0.0,5.5321836900605295,9.513157894736842,2.35205945716951,3.08434075528902
2988,9,8.81318,8.0,0.18682003021240234,1.0,5.5321836900605295,9.513157894736842,2.35205945716951,3.08434075528902
1195,9,10.452962,11.0,-1.4529619216918945,-2.0,5.5321836900605295,9.513157894736842,2.35205945716951,3.08434075528902
880,11,10.621652,10.0,0.37834835052490234,1.0,5.5321836900605295,9.513157894736842,2.35205945716951,3.08434075528902
3906,4,5.275604,7.0,-1.2756037712097168,-3.0,5.5321836900605295,9.513157894736842,2.35205945716951,3.08434075528902
428,21,15.822989,16.0,5.177010536193848,5.0,5.5321836900605295,9.513157894736842,2.35205945716951,3.08434075528902
2669,8,8.164748,9.0,-0.1647481918334961,-1.0,5.5321836900605295,9.513157894736842,2.35205945716951,3.08434075528902
2925,10,15.092987,19.0,-5.092987060546875,-9.0,5.5321836900605295,9.513157894736842,2.35205945716951,3.08434075528902
3558,10,8.653027,10.0,1.3469734191894531,0.0,5.5321836900605295,9.513157894736842,2.35205945716951,3.08434075528902
787,12,14.313192,14.0,-2.313192367553711,-2.0,5.5321836900605295,9.513157894736842,2.35205945716951,3.08434075528902
340,14,9.7340145,9.0,4.265985488891602,5.0,5.5321836900605295,9.513157894736842,2.35205945716951,3.08434075528902
2155,16,16.228405,17.0,-0.22840499877929688,-1.0,5.5321836900605295,9.513157894736842,2.35205945716951,3.08434075528902
3256,12,9.807814,9.0,2.1921863555908203,3.0,5.5321836900605295,9.513157894736842,2.35205945716951,3.08434075528902
4148,11,11.6586685,11.0,-0.6586685180664062,0.0,5.5321836900605295,9.513157894736842,2.35205945716951,3.08434075528902
1040,11,11.979529,12.0,-0.9795293807983398,-1.0,5.5321836900605295,9.513157894736842,2.35205945716951,3.08434075528902
2492,11,11.044316,11.0,-0.04431629180908203,0.0,5.5321836900605295,9.513157894736842,2.35205945716951,3.08434075528902
1292,9,7.845066,8.0,1.1549339294433594,1.0,5.5321836900605295,9.513157894736842,2.35205945716951,3.08434075528902
3373,19,15.771158,18.0,3.228841781616211,1.0,5.5321836900605295,9.513157894736842,2.35205945716951,3.08434075528902
2716,6,6.696368,7.0,-0.6963682174682617,-1.0,5.5321836900605295,9.513157894736842,2.35205945716951,3.08434075528902
674,23,13.240099,19.0,9.75990104675293,4.0,5.5321836900605295,9.513157894736842,2.35205945716951,3.08434075528902
180,14,16.182617,15.0,-2.1826171875,-1.0,5.5321836900605295,9.513157894736842,2.35205945716951,3.08434075528902
51,7,9.765181,8.0,-2.7651805877685547,-1.0,5.5321836900605295,9.513157894736842,2.35205945716951,3.08434075528902
4129,10,10.107485,9.0,-0.10748481750488281,1.0,5.5321836900605295,9.513157894736842,2.35205945716951,3.08434075528902
884,10,9.663476,12.0,0.33652400970458984,-2.0,5.5321836900605295,9.513157894736842,2.35205945716951,3.08434075528902
1251,6,7.4664135,8.0,-1.4664134979248047,-2.0,5.5321836900605295,9.513157894736842,2.35205945716951,3.08434075528902
1238,8,6.8832874,8.0,1.1167125701904297,0.0,5.5321836900605295,9.513157894736842,2.35205945716951,3.08434075528902
405,12,9.962017,8.0,2.037982940673828,4.0,5.5321836900605295,9.513157894736842,2.35205945716951,3.08434075528902
549,11,12.381458,10.0,-1.3814582824707031,1.0,5.5321836900605295,9.513157894736842,2.35205945716951,3.08434075528902
3144,9,10.41732,9.0,-1.4173202514648438,0.0,5.5321836900605295,9.513157894736842,2.35205945716951,3.08434075528902
2529,8,10.153455,11.0,-2.1534547805786133,-3.0,5.5321836900605295,9.513157894736842,2.35205945716951,3.08434075528902
3621,8,9.510826,11.0,-1.5108261108398438,-3.0,5.5321836900605295,9.513157894736842,2.35205945716951,3.08434075528902
4137,11,11.112907,10.0,-0.11290740966796875,1.0,5.5321836900605295,9.513157894736842,2.35205945716951,3.08434075528902
3927,12,12.928448,12.0,-0.9284477233886719,0.0,5.5321836900605295,9.513157894736842,2.35205945716951,3.08434075528902
3381,19,13.054428,17.0,5.9455718994140625,2.0,5.5321836900605295,9.513157894736842,2.35205945716951,3.08434075528902
3709,10,10.673188,9.0,-0.6731882095336914,1.0,5.5321836900605295,9.513157894736842,2.35205945716951,3.08434075528902
3274,18,11.586014,10.0,6.4139862060546875,8.0,5.5321836900605295,9.513157894736842,2.35205945716951,3.08434075528902
141,10,12.210755,22.0,-2.2107553482055664,-12.0,5.5321836900605295,9.513157894736842,2.35205945716951,3.08434075528902
4104,11,12.162535,11.0,-1.1625347137451172,0.0,5.5321836900605295,9.513157894736842,2.35205945716951,3.08434075528902
3290,12,9.624215,11.0,2.3757848739624023,1.0,5.5321836900605295,9.513157894736842,2.35205945716951,3.08434075528902
1492,11,10.840229,12.0,0.15977096557617188,-1.0,5.5321836900605295,9.513157894736842,2.35205945716951,3.08434075528902
426,18,14.429762,14.0,3.5702381134033203,4.0,5.5321836900605295,9.513157894736842,2.35205945716951,3.08434075528902
1264,8,6.5973234,7.0,1.4026765823364258,1.0,5.5321836900605295,9.513157894736842,2.35205945716951,3.08434075528902
3404,8,8.6219425,7.0,-0.6219425201416016,1.0,5.5321836900605295,9.513157894736842,2.35205945716951,3.08434075528902
1250,5,7.296383,7.0,-2.2963829040527344,-2.0,5.5321836900605295,9.513157894736842,2.35205945716951,3.08434075528902
3268,11,10.562996,10.0,0.43700408935546875,1.0,5.5321836900605295,9.513157894736842,2.35205945716951,3.08434075528902
1205,11,11.346452,11.0,-0.3464517593383789,0.0,5.5321836900605295,9.513157894736842,2.35205945716951,3.08434075528902
2078,8,11.544149,11.0,-3.544149398803711,-3.0,5.5321836900605295,9.513157894736842,2.35205945716951,3.08434075528902
4091,12,9.998255,11.0,2.0017452239990234,1.0,5.5321836900605295,9.513157894736842,2.35205945716951,3.08434075528902
164,16,19.341955,17.0,-3.3419551849365234,-1.0,5.5321836900605295,9.513157894736842,2.35205945716951,3.08434075528902
1820,13,11.641709,10.0,1.358290672302246,3.0,5.5321836900605295,9.513157894736842,2.35205945716951,3.08434075528902
2820,6,7.031353,7.0,-1.0313529968261719,-1.0,5.5321836900605295,9.513157894736842,2.35205945716951,3.08434075528902
68,10,10.449274,9.0,-0.44927406311035156,1.0,5.5321836900605295,9.513157894736842,2.35205945716951,3.08434075528902
2460,14,14.49483,16.0,-0.4948301315307617,-2.0,5.5321836900605295,9.513157894736842,2.35205945716951,3.08434075528902
2153,5,6.106983,7.0,-1.1069831848144531,-2.0,5.5321836900605295,9.513157894736842,2.35205945716951,3.08434075528902
864,11,9.90246,9.0,1.0975399017333984,2.0,5.5321836900605295,9.513157894736842,2.35205945716951,3.08434075528902
2062,7,8.059231,6.0,-1.0592308044433594,1.0,5.5321836900605295,9.513157894736842,2.35205945716951,3.08434075528902
1093,7,7.4625444,7.0,-0.46254444122314453,0.0,5.5321836900605295,9.513157894736842,2.35205945716951,3.08434075528902
3815,8,7.19773,6.0,0.8022699356079102,2.0,5.5321836900605295,9.513157894736842,2.35205945716951,3.08434075528902
3852,12,12.921354,9.0,-0.9213542938232422,3.0,5.5321836900605295,9.513157894736842,2.35205945716951,3.08434075528902
291,12,14.433095,16.0,-2.4330949783325195,-4.0,5.5321836900605295,9.513157894736842,2.35205945716951,3.08434075528902
3392,19,13.139096,10.0,5.860903739929199,9.0,5.5321836900605295,9.513157894736842,2.35205945716951,3.08434075528902
184,12,13.428713,16.0,-1.4287128448486328,-4.0,5.5321836900605295,9.513157894736842,2.35205945716951,3.08434075528902
314,23,13.571549,12.0,9.428450584411621,11.0,5.5321836900605295,9.513157894736842,2.35205945716951,3.08434075528902
957,6,7.502091,11.0,-1.5020909309387207,-5.0,5.5321836900605295,9.513157894736842,2.35205945716951,3.08434075528902
3606,7,7.2606306,8.0,-0.26063060760498047,-1.0,5.5321836900605295,9.513157894736842,2.35205945716951,3.08434075528902
778,15,13.240486,11.0,1.7595138549804688,4.0,5.5321836900605295,9.513157894736842,2.35205945716951,3.08434075528902
1848,9,8.49827,9.0,0.5017299652099609,0.0,5.5321836900605295,9.513157894736842,2.35205945716951,3.08434075528902
3004,11,9.223988,10.0,1.7760124206542969,1.0,5.5321836900605295,9.513157894736842,2.35205945716951,3.08434075528902
824,7,8.462149,6.0,-1.462148666381836,1.0,5.5321836900605295,9.513157894736842,2.35205945716951,3.08434075528902
2845,10,10.520916,10.0,-0.5209159851074219,0.0,5.5321836900605295,9.513157894736842,2.35205945716951,3.08434075528902
374,13,12.091215,14.0,0.9087848663330078,-1.0,5.5321836900605295,9.513157894736842,2.35205945716951,3.08434075528902
2842,9,10.060137,10.0,-1.0601367950439453,-1.0,5.5321836900605295,9.513157894736842,2.35205945716951,3.08434075528902
159,13,17.178522,20.0,-4.178522109985352,-7.0,5.5321836900605295,9.513157894736842,2.35205945716951,3.08434075528902
230,13,9.70934,9.0,3.2906599044799805,4.0,5.5321836900605295,9.513157894736842,2.35205945716951,3.08434075528902
596,9,11.091664,10.0,-2.0916643142700195,-1.0,5.5321836900605295,9.513157894736842,2.35205945716951,3.08434075528902
1334,10,8.210212,9.0,1.7897882461547852,1.0,5.5321836900605295,9.513157894736842,2.35205945716951,3.08434075528902
1430,4,6.0122724,5.0,-2.012272357940674,-1.0,5.5321836900605295,9.513157894736842,2.35205945716951,3.08434075528902
260,11,14.95004,10.0,-3.950039863586426,1.0,5.5321836900605295,9.513157894736842,2.35205945716951,3.08434075528902
1274,8,8.686734,8.0,-0.6867341995239258,0.0,5.5321836900605295,9.513157894736842,2.35205945716951,3.08434075528902
20,11,9.680003,8.0,1.3199968338012695,3.0,5.5321836900605295,9.513157894736842,2.35205945716951,3.08434075528902
2086,10,9.777047,9.0,0.22295284271240234,1.0,5.5321836900605295,9.513157894736842,2.35205945716951,3.08434075528902
2217,13,13.81011,13.0,-0.8101100921630859,0.0,5.5321836900605295,9.513157894736842,2.35205945716951,3.08434075528902
4164,7,6.690116,7.0,0.30988407135009766,0.0,5.5321836900605295,9.513157894736842,2.35205945716951,3.08434075528902
1594,7,9.121923,8.0,-2.1219234466552734,-1.0,5.5321836900605295,9.513157894736842,2.35205945716951,3.08434075528902
1563,10,8.266829,8.0,1.7331714630126953,2.0,5.5321836900605295,9.513157894736842,2.35205945716951,3.08434075528902
2367,15,14.238141,12.0,0.7618589401245117,3.0,5.5321836900605295,9.513157894736842,2.35205945716951,3.08434075528902
750,13,14.502909,13.0,-1.502908706665039,0.0,5.5321836900605295,9.513157894736842,2.35205945716951,3.08434075528902
869,9,10.4510565,14.0,-1.4510564804077148,-5.0,5.5321836900605295,9.513157894736842,2.35205945716951,3.08434075528902
1963,9,10.300818,14.0,-1.3008184432983398,-5.0,5.5321836900605295,9.513157894736842,2.35205945716951,3.08434075528902
3212,14,13.511588,13.0,0.48841190338134766,1.0,5.5321836900605295,9.513157894736842,2.35205945716951,3.08434075528902
3300,16,17.27198,13.0,-1.2719802856445312,3.0,5.5321836900605295,9.513157894736842,2.35205945716951,3.08434075528902
1257,8,7.5281734,8.0,0.47182655334472656,0.0,5.5321836900605295,9.513157894736842,2.35205945716951,3.08434075528902
1151,7,8.808815,10.0,-1.8088150024414062,-3.0,5.5321836900605295,9.513157894736842,2.35205945716951,3.08434075528902
338,13,9.302648,9.0,3.697352409362793,4.0,5.5321836900605295,9.513157894736842,2.35205945716951,3.08434075528902
2708,11,11.848006,12.0,-0.8480062484741211,-1.0,5.5321836900605295,9.513157894736842,2.35205945716951,3.08434075528902
1421,13,12.386789,12.0,0.6132106781005859,1.0,5.5321836900605295,9.513157894736842,2.35205945716951,3.08434075528902
1716,12,9.723571,6.0,2.2764291763305664,6.0,5.5321836900605295,9.513157894736842,2.35205945716951,3.08434075528902
1895,11,10.497374,10.0,0.5026264190673828,1.0,5.5321836900605295,9.513157894736842,2.35205945716951,3.08434075528902
609,12,8.576232,7.0,3.4237680435180664,5.0,5.5321836900605295,9.513157894736842,2.35205945716951,3.08434075528902
1036,11,10.935002,11.0,0.06499767303466797,0.0,5.5321836900605295,9.513157894736842,2.35205945716951,3.08434075528902
1453,6,7.4700146,7.0,-1.4700145721435547,-1.0,5.5321836900605295,9.513157894736842,2.35205945716951,3.08434075528902
3569,11,8.759391,9.0,2.2406091690063477,2.0,5.5321836900605295,9.513157894736842,2.35205945716951,3.08434075528902
3776,13,10.080157,15.0,2.9198427200317383,-2.0,5.5321836900605295,9.513157894736842,2.35205945716951,3.08434075528902
2858,11,10.067467,11.0,0.9325332641601562,0.0,5.5321836900605295,9.513157894736842,2.35205945716951,3.08434075528902
1925,11,9.923265,11.0,1.0767345428466797,0.0,5.5321836900605295,9.513157894736842,2.35205945716951,3.08434075528902
1876,9,8.148981,8.0,0.8510189056396484,1.0,5.5321836900605295,9.513157894736842,2.35205945716951,3.08434075528902
3807,8,7.149439,6.0,0.8505611419677734,2.0,5.5321836900605295,9.513157894736842,2.35205945716951,3.08434075528902
3728,10,9.978599,8.0,0.021401405334472656,2.0,5.5321836900605295,9.513157894736842,2.35205945716951,3.08434075528902
5,8,8.15099,8.0,-0.15098953247070312,0.0,5.5321836900605295,9.513157894736842,2.35205945716951,3.08434075528902
578,11,9.750377,9.0,1.2496232986450195,2.0,5.5321836900605295,9.513157894736842,2.35205945716951,3.08434075528902
643,7,9.284052,13.0,-2.2840518951416016,-6.0,5.5321836900605295,9.513157894736842,2.35205945716951,3.08434075528902
1315,9,8.674838,9.0,0.3251619338989258,0.0,5.5321836900605295,9.513157894736842,2.35205945716951,3.08434075528902
139,9,9.795732,10.0,-0.7957315444946289,-1.0,5.5321836900605295,9.513157894736842,2.35205945716951,3.08434075528902
1376,10,11.654005,10.0,-1.6540050506591797,0.0,5.5321836900605295,9.513157894736842,2.35205945716951,3.08434075528902
3968,6,7.171841,6.0,-1.1718411445617676,0.0,5.5321836900605295,9.513157894736842,2.35205945716951,3.08434075528902
3005,13,9.766933,10.0,3.2330665588378906,3.0,5.5321836900605295,9.513157894736842,2.35205945716951,3.08434075528902
17,10,9.05273,9.0,0.947270393371582,1.0,5.5321836900605295,9.513157894736842,2.35205945716951,3.08434075528902
3419,8,8.896355,10.0,-0.8963546752929688,-2.0,5.5321836900605295,9.513157894736842,2.35205945716951,3.08434075528902
134,7,5.4585524,5.0,1.541447639465332,2.0,5.5321836900605295,9.513157894736842,2.35205945716951,3.08434075528902
3928,10,14.573098,14.0,-4.573098182678223,-4.0,5.5321836900605295,9.513157894736842,2.35205945716951,3.08434075528902
81,12,20.061258,16.0,-8.061258316040039,-4.0,5.5321836900605295,9.513157894736842,2.35205945716951,3.08434075528902
3343,13,10.160787,18.0,2.8392133712768555,-5.0,5.5321836900605295,9.513157894736842,2.35205945716951,3.08434075528902
3961,10,12.666909,13.0,-2.6669092178344727,-3.0,5.5321836900605295,9.513157894736842,2.35205945716951,3.08434075528902
1133,9,8.724534,9.0,0.2754659652709961,0.0,5.5321836900605295,9.513157894736842,2.35205945716951,3.08434075528902
1247,8,9.144626,7.0,-1.1446256637573242,1.0,5.5321836900605295,9.513157894736842,2.35205945716951,3.08434075528902
2190,11,11.097172,10.0,-0.09717178344726562,1.0,5.5321836900605295,9.513157894736842,2.35205945716951,3.08434075528902
212,12,9.3404665,10.0,2.6595335006713867,2.0,5.5321836900605295,9.513157894736842,2.35205945716951,3.08434075528902
803,7,6.7229056,7.0,0.27709436416625977,0.0,5.5321836900605295,9.513157894736842,2.35205945716951,3.08434075528902
605,13,11.670141,7.0,1.3298587799072266,6.0,5.5321836900605295,9.513157894736842,2.35205945716951,3.08434075528902
656,17,10.513312,12.0,6.486687660217285,5.0,5.5321836900605295,9.513157894736842,2.35205945716951,3.08434075528902
3720,7,6.8805656,9.0,0.11943435668945312,-2.0,5.5321836900605295,9.513157894736842,2.35205945716951,3.08434075528902
600,17,11.070589,8.0,5.929410934448242,9.0,5.5321836900605295,9.513157894736842,2.35205945716951,3.08434075528902
3184,13,15.461484,21.0,-2.461483955383301,-8.0,5.5321836900605295,9.513157894736842,2.35205945716951,3.08434075528902
1248,8,7.6425056,7.0,0.3574943542480469,1.0,5.5321836900605295,9.513157894736842,2.35205945716951,3.08434075528902
3310,13,9.796476,8.0,3.203523635864258,5.0,5.5321836900605295,9.513157894736842,2.35205945716951,3.08434075528902
859,8,10.661739,15.0,-2.6617393493652344,-7.0,5.5321836900605295,9.513157894736842,2.35205945716951,3.08434075528902
4029,7,7.9413743,7.0,-0.9413743019104004,0.0,5.5321836900605295,9.513157894736842,2.35205945716951,3.08434075528902
1907,9,9.167952,9.0,-0.1679515838623047,0.0,5.5321836900605295,9.513157894736842,2.35205945716951,3.08434075528902
2234,14,12.572304,12.0,1.4276962280273438,2.0,5.5321836900605295,9.513157894736842,2.35205945716951,3.08434075528902
3364,11,7.811888,7.0,3.1881117820739746,4.0,5.5321836900605295,9.513157894736842,2.35205945716951,3.08434075528902
1327,11,8.633,9.0,2.366999626159668,2.0,5.5321836900605295,9.513157894736842,2.35205945716951,3.08434075528902
2685,10,10.292795,12.0,-0.29279518127441406,-2.0,5.5321836900605295,9.513157894736842,2.35205945716951,3.08434075528902
2000,9,6.6136327,7.0,2.3863673210144043,2.0,5.5321836900605295,9.513157894736842,2.35205945716951,3.08434075528902
2171,6,3.8481665,6.0,2.1518335342407227,0.0,5.5321836900605295,9.513157894736842,2.35205945716951,3.08434075528902
2637,7,7.538451,11.0,-0.5384511947631836,-4.0,5.5321836900605295,9.513157894736842,2.35205945716951,3.08434075528902
3989,11,11.353261,11.0,-0.35326099395751953,0.0,5.5321836900605295,9.513157894736842,2.35205945716951,3.08434075528902
1655,8,11.4586525,10.0,-3.4586524963378906,-2.0,5.5321836900605295,9.513157894736842,2.35205945716951,3.08434075528902
2819,5,6.299602,7.0,-1.2996020317077637,-2.0,5.5321836900605295,9.513157894736842,2.35205945716951,3.08434075528902
2839,10,8.820367,9.0,1.1796331405639648,1.0,5.5321836900605295,9.513157894736842,2.35205945716951,3.08434075528902
1166,9,9.830603,10.0,-0.8306026458740234,-1.0,5.5321836900605295,9.513157894736842,2.35205945716951,3.08434075528902
1656,9,10.463714,12.0,-1.4637136459350586,-3.0,5.5321836900605295,9.513157894736842,2.35205945716951,3.08434075528902
1566,9,8.464462,7.0,0.5355377197265625,2.0,5.5321836900605295,9.513157894736842,2.35205945716951,3.08434075528902
2519,7,12.664768,11.0,-5.664768218994141,-4.0,5.5321836900605295,9.513157894736842,2.35205945716951,3.08434075528902
2323,8,8.417699,6.0,-0.41769886016845703,2.0,5.5321836900605295,9.513157894736842,2.35205945716951,3.08434075528902
2787,11,9.949525,9.0,1.0504751205444336,2.0,5.5321836900605295,9.513157894736842,2.35205945716951,3.08434075528902
2490,7,8.407951,8.0,-1.4079513549804688,-1.0,5.5321836900605295,9.513157894736842,2.35205945716951,3.08434075528902
1410,10,11.730558,9.0,-1.7305583953857422,1.0,5.5321836900605295,9.513157894736842,2.35205945716951,3.08434075528902
160,13,11.956588,9.0,1.043412208557129,4.0,5.5321836900605295,9.513157894736842,2.35205945716951,3.08434075528902
1692,10,10.316385,11.0,-0.31638526916503906,-1.0,5.5321836900605295,9.513157894736842,2.35205945716951,3.08434075528902
720,3,3.9976044,4.0,-0.9976043701171875,-1.0,5.5321836900605295,9.513157894736842,2.35205945716951,3.08434075528902
2094,7,7.351754,10.0,-0.35175418853759766,-3.0,5.5321836900605295,9.513157894736842,2.35205945716951,3.08434075528902
490,14,9.726856,10.0,4.273143768310547,4.0,5.5321836900605295,9.513157894736842,2.35205945716951,3.08434075528902
984,10,10.795535,11.0,-0.7955350875854492,-1.0,5.5321836900605295,9.513157894736842,2.35205945716951,3.08434075528902
2385,12,13.210756,10.0,-1.2107563018798828,2.0,5.5321836900605295,9.513157894736842,2.35205945716951,3.08434075528902
812,6,5.069889,3.0,0.9301109313964844,3.0,5.5321836900605295,9.513157894736842,2.35205945716951,3.08434075528902
3356,6,7.0060887,7.0,-1.0060887336730957,-1.0,5.5321836900605295,9.513157894736842,2.35205945716951,3.08434075528902
