,Rings,Rings_model1,Rings_model2,error_model1,error_model2
1585,9,8.062873,7.0,0.9371271133422852,2.0
2867,6,5.768213,6.0,0.23178720474243164,0.0
369,17,13.973739,12.0,3.026261329650879,5.0
1138,9,7.8952274,8.0,1.1047725677490234,1.0
4166,10,8.592945,7.0,1.4070549011230469,3.0
1092,7,7.1562653,6.0,-0.1562652587890625,1.0
1662,9,10.150118,15.0,-1.1501178741455078,-6.0
521,5,6.812608,6.0,-1.812607765197754,-1.0
956,7,8.344861,7.0,-1.3448610305786133,0.0
1698,11,9.694764,11.0,1.3052358627319336,0.0
548,12,11.124164,17.0,0.8758363723754883,-5.0
1916,11,11.125393,10.0,-0.12539291381835938,1.0
2291,10,9.717131,10.0,0.2828693389892578,0.0
2565,8,7.9602413,8.0,0.03975868225097656,0.0
2672,8,9.8824005,9.0,-1.8824005126953125,-1.0
94,15,12.230309,11.0,2.7696914672851562,4.0
3668,10,9.712148,15.0,0.28785228729248047,-5.0
1902,11,10.435716,8.0,0.5642843246459961,3.0
2621,12,14.194088,16.0,-2.1940879821777344,-4.0
1930,11,10.967512,9.0,0.03248786926269531,2.0
565,10,9.787425,8.0,0.21257495880126953,2.0
2134,8,10.870222,8.0,-2.8702220916748047,0.0
1578,8,8.704908,6.0,-0.7049083709716797,2.0
3296,14,15.780834,10.0,-1.7808341979980469,4.0
203,13,17.495434,17.0,-4.495433807373047,-4.0
3009,4,4.705207,4.0,-0.7052068710327148,0.0
3571,9,9.970969,12.0,-0.9709692001342773,-3.0
1401,11,12.623231,15.0,-1.6232309341430664,-4.0
3674,12,9.361091,9.0,2.638909339904785,3.0
3255,5,5.8437285,7.0,-0.8437285423278809,-2.0
2001,6,6.122452,6.0,-0.1224517822265625,0.0
129,18,12.967803,20.0,5.032196998596191,-2.0
2231,9,14.753784,11.0,-5.7537841796875,-2.0
3856,9,6.5824594,7.0,2.4175405502319336,2.0
874,11,10.380362,11.0,0.6196384429931641,0.0
2114,4,2.8173506,3.0,1.1826493740081787,1.0
3446,8,7.8371797,8.0,0.16282033920288086,0.0
2983,8,8.081902,8.0,-0.08190155029296875,0.0
911,7,5.9711742,7.0,1.0288257598876953,0.0
115,11,9.506681,10.0,1.4933185577392578,1.0
2963,12,14.825491,10.0,-2.825490951538086,2.0
2637,7,7.8242617,11.0,-0.8242616653442383,-4.0
1313,9,8.204361,8.0,0.7956390380859375,1.0
3527,7,8.005349,7.0,-1.0053491592407227,0.0
3136,11,12.162486,9.0,-1.1624860763549805,2.0
62,10,12.098186,11.0,-2.0981855392456055,-1.0
338,13,9.750672,8.0,3.2493276596069336,5.0
1590,7,8.62485,7.0,-1.6248502731323242,0.0
48,6,5.899989,5.0,0.10001087188720703,1.0
3264,12,10.113525,11.0,1.886474609375,1.0
1673,9,9.741847,10.0,-0.741847038269043,-1.0
380,15,15.965583,23.0,-0.9655828475952148,-8.0
104,12,12.152612,11.0,-0.15261173248291016,1.0
1395,10,14.76957,17.0,-4.769570350646973,-7.0
647,9,20.118835,18.0,-11.11883544921875,-9.0
2194,13,8.68854,7.0,4.311459541320801,6.0
3920,8,8.014136,11.0,-0.014136314392089844,-3.0
1922,8,10.536091,9.0,-2.536090850830078,-1.0
1634,10,10.815691,8.0,-0.8156909942626953,2.0
668,13,14.177785,14.0,-1.1777849197387695,-1.0
3284,11,12.02724,18.0,-1.0272397994995117,-7.0
1986,4,3.3271248,4.0,0.672875165939331,0.0
845,9,8.960226,9.0,0.03977394104003906,0.0
996,11,9.15536,8.0,1.844639778137207,3.0
2035,9,11.021517,10.0,-2.021516799926758,-1.0
1462,7,7.704174,9.0,-0.7041740417480469,-2.0
2266,14,10.480187,7.0,3.51981258392334,7.0
905,5,7.1058855,6.0,-2.1058855056762695,-1.0
3585,9,10.263971,8.0,-1.2639713287353516,1.0
3144,9,10.163036,10.0,-1.1630363464355469,-1.0
57,8,8.582406,8.0,-0.5824060440063477,0.0
3640,7,7.922483,8.0,-0.922482967376709,-1.0
1477,8,9.209679,8.0,-1.2096786499023438,0.0
596,9,10.466622,14.0,-1.4666223526000977,-5.0
3093,11,11.396782,9.0,-0.39678192138671875,2.0
985,10,10.300635,10.0,-0.30063533782958984,0.0
3716,5,4.944258,4.0,0.05574178695678711,1.0
2979,8,8.514813,8.0,-0.5148134231567383,0.0
4088,9,12.807638,9.0,-3.807638168334961,0.0
635,8,9.327459,12.0,-1.3274593353271484,-4.0
2056,7,9.853302,12.0,-2.853302001953125,-5.0
1281,9,7.7964954,7.0,1.2035045623779297,2.0
2869,5,6.5551972,5.0,-1.5551972389221191,0.0
907,6,6.334599,5.0,-0.33459901809692383,1.0
675,22,15.049297,11.0,6.950702667236328,11.0
4081,11,10.907935,12.0,0.09206485748291016,-1.0
1294,9,10.493672,9.0,-1.4936723709106445,0.0
1494,10,8.018877,9.0,1.9811229705810547,1.0
4080,8,9.174026,8.0,-1.174025535583496,0.0
400,9,9.375396,8.0,-0.3753957748413086,1.0
222,9,13.307633,13.0,-4.307633399963379,-4.0
2725,8,7.9159474,7.0,0.08405256271362305,1.0
2904,9,9.319132,9.0,-0.31913185119628906,0.0
3211,10,10.151415,11.0,-0.1514148712158203,-1.0
3831,10,10.47922,8.0,-0.4792203903198242,2.0
3977,7,8.31724,8.0,-1.317239761352539,-1.0
3225,9,7.227979,6.0,1.7720208168029785,3.0
2500,12,17.889492,18.0,-5.889492034912109,-6.0
3693,11,9.907146,11.0,1.0928535461425781,0.0
3951,13,13.029368,17.0,-0.02936840057373047,-4.0
2326,11,13.667806,15.0,-2.6678056716918945,-4.0
820,7,7.5809965,7.0,-0.5809965133666992,0.0
106,11,10.642512,17.0,0.35748767852783203,-6.0
1293,10,8.874409,9.0,1.1255912780761719,1.0
3663,9,8.680149,10.0,0.3198509216308594,-1.0
841,9,9.870693,10.0,-0.8706932067871094,-1.0
2468,8,8.309305,5.0,-0.30930519104003906,3.0
1128,8,9.744594,9.0,-1.744593620300293,-1.0
1745,12,12.101118,13.0,-0.10111808776855469,-1.0
3307,9,8.892783,11.0,0.10721683502197266,-2.0
1790,10,9.732303,10.0,0.2676973342895508,0.0
3332,13,11.502942,17.0,1.4970579147338867,-4.0
2087,11,11.953567,11.0,-0.9535665512084961,0.0
3045,10,8.232918,9.0,1.7670822143554688,1.0
3760,9,10.700243,10.0,-1.7002429962158203,-1.0
285,10,15.167986,14.0,-5.167985916137695,-4.0
342,12,9.916942,12.0,2.0830583572387695,0.0
1299,9,8.56175,8.0,0.4382495880126953,1.0
465,5,3.1887627,3.0,1.8112373352050781,2.0
321,4,4.027793,3.0,-0.027792930603027344,1.0
1084,7,7.7849517,6.0,-0.7849516868591309,1.0
802,9,11.229175,16.0,-2.2291746139526367,-7.0
2646,7,7.5732107,7.0,-0.5732107162475586,0.0
2614,9,9.471121,10.0,-0.47112083435058594,-1.0
739,10,8.276596,11.0,1.7234039306640625,-1.0
3322,15,8.809325,7.0,6.190674781799316,8.0
347,6,6.5649257,7.0,-0.5649256706237793,-1.0
3102,8,11.38761,13.0,-3.38761043548584,-5.0
3805,9,7.7195706,6.0,1.2804293632507324,3.0
3474,6,6.491886,7.0,-0.4918861389160156,-1.0
3734,10,10.660708,7.0,-0.6607084274291992,3.0
1800,9,10.905101,10.0,-1.9051008224487305,-1.0
768,11,11.375106,14.0,-0.3751058578491211,-3.0
2605,9,10.330077,10.0,-1.3300771713256836,-1.0
1758,11,12.911885,14.0,-1.9118852615356445,-3.0
1301,9,7.681132,9.0,1.3188681602478027,0.0
1236,6,7.692075,7.0,-1.6920747756958008,-1.0
4085,11,10.347629,8.0,0.6523714065551758,3.0
618,9,7.711852,7.0,1.2881479263305664,2.0
3418,8,10.8214035,12.0,-2.8214035034179688,-4.0
2519,7,12.683104,8.0,-5.683103561401367,-1.0
2131,6,6.9526834,7.0,-0.9526834487915039,-1.0
706,11,9.11838,9.0,1.8816204071044922,2.0
108,9,12.638029,16.0,-3.638029098510742,-7.0
307,13,22.040157,19.0,-9.040157318115234,-6.0
1339,8,9.370327,8.0,-1.3703269958496094,0.0
776,15,12.189924,13.0,2.8100757598876953,2.0
3727,7,9.693125,8.0,-2.693124771118164,-1.0
1047,12,11.7768755,10.0,0.22312450408935547,2.0
414,14,11.549287,13.0,2.4507131576538086,1.0
126,6,6.928259,7.0,-0.9282588958740234,-1.0
3797,13,13.505638,19.0,-0.5056381225585938,-6.0
4078,10,9.105747,9.0,0.8942527770996094,1.0
1140,9,9.094453,8.0,-0.0944528579711914,1.0
3189,7,10.186275,8.0,-3.186274528503418,-1.0
3877,15,13.818058,16.0,1.1819419860839844,-1.0
1583,7,8.541527,8.0,-1.5415267944335938,-1.0
3559,10,10.475197,10.0,-0.47519683837890625,0.0
2239,8,10.432604,15.0,-2.4326038360595703,-7.0
1121,9,8.099836,8.0,0.9001636505126953,1.0
3215,11,9.837313,11.0,1.1626873016357422,0.0
1841,7,7.2146263,7.0,-0.21462631225585938,0.0
1779,9,9.047842,8.0,-0.04784202575683594,1.0
3362,9,8.172419,9.0,0.8275814056396484,0.0
2085,10,11.949454,10.0,-1.9494543075561523,0.0
1386,12,9.611534,11.0,2.3884658813476562,1.0
844,8,8.717572,7.0,-0.7175722122192383,1.0
4006,9,9.041374,8.0,-0.04137420654296875,1.0
1903,10,12.240624,11.0,-2.24062442779541,-1.0
353,9,8.187772,8.0,0.8122282028198242,1.0
2805,11,11.845456,11.0,-0.8454561233520508,0.0
45,7,7.6832733,6.0,-0.6832733154296875,1.0
1332,10,8.464755,8.0,1.5352449417114258,2.0
772,8,9.189939,8.0,-1.1899385452270508,0.0
3852,12,15.275016,14.0,-3.2750158309936523,-2.0
903,6,5.9737926,6.0,0.026207447052001953,0.0
1517,10,9.863412,10.0,0.13658809661865234,0.0
2525,9,10.065198,8.0,-1.0651979446411133,1.0
2695,9,9.347725,10.0,-0.34772491455078125,-1.0
3147,13,9.871084,12.0,3.128915786743164,1.0
3357,8,7.152599,7.0,0.8474011421203613,1.0
1389,10,10.722927,10.0,-0.7229270935058594,0.0
290,17,14.231474,15.0,2.768526077270508,2.0
3871,12,9.553345,11.0,2.4466552734375,1.0
2679,9,9.488448,8.0,-0.4884481430053711,1.0
3775,8,10.27058,10.0,-2.270580291748047,-2.0
3853,9,8.779672,8.0,0.22032833099365234,1.0
1369,10,9.469023,9.0,0.5309772491455078,1.0
164,16,22.280783,14.0,-6.280782699584961,2.0
201,13,15.5982895,11.0,-2.5982894897460938,2.0
824,7,7.8012934,8.0,-0.8012933731079102,-1.0
3030,11,8.351065,9.0,2.648935317993164,2.0
669,13,12.901109,11.0,0.0988912582397461,2.0
1104,8,8.780688,8.0,-0.7806882858276367,0.0
2336,18,12.915042,15.0,5.084958076477051,3.0
1137,10,9.312341,8.0,0.6876592636108398,2.0
4083,10,10.808869,8.0,-0.8088693618774414,2.0
3753,8,7.5093374,6.0,0.4906625747680664,2.0
1157,9,11.044048,11.0,-2.044048309326172,-2.0
3218,14,13.356202,8.0,0.6437978744506836,6.0
3112,7,6.780966,10.0,0.21903419494628906,-3.0
2618,13,10.960044,11.0,2.0399560928344727,2.0
606,9,9.2240925,7.0,-0.2240924835205078,2.0
2673,9,10.608051,11.0,-1.6080513000488281,-2.0
3079,11,13.055004,11.0,-2.055004119873047,0.0
889,11,9.84109,11.0,1.158909797668457,0.0
1941,11,10.129838,9.0,0.8701620101928711,2.0
3827,11,15.623804,15.0,-4.623804092407227,-4.0
1167,8,8.575807,8.0,-0.5758066177368164,0.0
471,10,9.359503,9.0,0.6404972076416016,1.0
1493,8,9.652023,6.0,-1.6520233154296875,2.0
3107,5,6.409545,7.0,-1.4095449447631836,-2.0
3028,7,8.015072,9.0,-1.0150718688964844,-2.0
2779,9,9.030452,7.0,-0.03045177459716797,2.0
3070,9,10.043862,10.0,-1.0438623428344727,-1.0
936,7,8.359536,7.0,-1.3595361709594727,0.0
1632,8,11.332182,12.0,-3.332181930541992,-4.0
3606,7,7.5564733,7.0,-0.5564732551574707,0.0
3409,7,7.13015,6.0,-0.13014984130859375,1.0
2848,9,10.472075,12.0,-1.4720754623413086,-3.0
3976,7,11.237628,7.0,-4.237627983093262,0.0
1542,7,5.0866303,6.0,1.9133696556091309,1.0
1695,8,11.71693,10.0,-3.716930389404297,-2.0
2348,16,10.265447,14.0,5.734553337097168,2.0
3064,9,12.496758,12.0,-3.496758460998535,-3.0
1198,10,10.146135,9.0,-0.1461353302001953,1.0
3899,4,2.8173506,3.0,1.1826493740081787,1.0
1901,10,10.50431,8.0,-0.5043096542358398,2.0
3281,11,13.870732,10.0,-2.870732307434082,1.0
1519,10,11.562222,11.0,-1.5622215270996094,-1.0
3222,18,15.45717,15.0,2.542830467224121,3.0
1501,9,10.791933,11.0,-1.7919330596923828,-2.0
2204,7,8.365015,9.0,-1.3650150299072266,-2.0
4028,8,7.054318,6.0,0.9456820487976074,2.0
770,11,14.053118,17.0,-3.0531177520751953,-6.0
3393,10,12.411829,11.0,-2.4118289947509766,-1.0
138,9,10.744363,10.0,-1.7443628311157227,-1.0
914,7,6.550807,6.0,0.44919300079345703,1.0
2687,10,11.029103,9.0,-1.0291032791137695,1.0
2624,12,11.196173,13.0,0.8038272857666016,-1.0
2433,16,17.981749,16.0,-1.9817485809326172,0.0
3581,9,9.144192,8.0,-0.14419174194335938,1.0
294,26,14.85268,16.0,11.147319793701172,10.0
4013,8,9.6434355,9.0,-1.6434354782104492,-1.0
3973,7,6.8250084,7.0,0.17499160766601562,0.0
2894,11,10.359159,10.0,0.6408405303955078,1.0
2253,11,11.073289,11.0,-0.0732889175415039,0.0
253,15,9.576531,9.0,5.423468589782715,6.0
408,11,10.384036,8.0,0.6159639358520508,3.0
2151,18,10.370411,10.0,7.629589080810547,8.0
2411,9,8.393159,8.0,0.6068410873413086,1.0
1288,7,8.056839,11.0,-1.0568389892578125,-4.0
759,15,16.003334,20.0,-1.0033340454101562,-5.0
1565,7,8.503404,9.0,-1.503403663635254,-2.0
655,7,6.5355053,6.0,0.4644947052001953,1.0
1481,9,8.373639,7.0,0.6263608932495117,2.0
1066,6,5.607783,8.0,0.39221715927124023,-2.0
2884,9,9.441395,11.0,-0.4413948059082031,-2.0
3836,9,9.469924,7.0,-0.4699239730834961,2.0
2474,14,13.430413,14.0,0.5695867538452148,0.0
34,13,13.427512,17.0,-0.42751216888427734,-4.0
2982,9,10.049868,10.0,-1.0498676300048828,-1.0
3927,12,11.639844,12.0,0.3601560592651367,0.0
1896,9,12.623566,13.0,-3.623565673828125,-4.0
1627,9,9.641531,9.0,-0.6415309906005859,0.0
1957,16,11.855878,13.0,4.144122123718262,3.0
2635,7,6.5523252,6.0,0.4476747512817383,1.0
2490,7,8.438173,7.0,-1.4381732940673828,0.0
3140,20,14.22315,10.0,5.776849746704102,10.0
3386,13,14.896746,21.0,-1.8967456817626953,-8.0
2037,5,6.2098513,6.0,-1.2098512649536133,-1.0
833,7,6.851228,6.0,0.1487717628479004,1.0
2350,12,11.767208,8.0,0.23279190063476562,4.0
1875,9,14.515999,13.0,-5.515998840332031,-4.0
3309,9,8.225769,15.0,0.77423095703125,-6.0
113,9,11.664561,6.0,-2.6645612716674805,3.0
2752,7,11.341361,10.0,-4.341361045837402,-3.0
2488,14,13.926717,16.0,0.07328319549560547,-2.0
2192,14,12.566062,13.0,1.4339380264282227,1.0
2936,11,9.972665,11.0,1.0273351669311523,0.0
2564,6,7.5095344,8.0,-1.5095343589782715,-2.0
2701,13,9.827776,10.0,3.1722240447998047,3.0
972,8,8.784994,8.0,-0.7849941253662109,0.0
1813,9,11.559689,11.0,-2.5596885681152344,-2.0
3675,10,13.857924,11.0,-3.857924461364746,-1.0
167,20,18.756775,17.0,1.24322509765625,3.0
1292,9,8.713114,9.0,0.28688621520996094,0.0
239,5,3.2472222,3.0,1.7527778148651123,2.0
1372,12,9.691009,11.0,2.3089914321899414,1.0
2096,11,11.067918,9.0,-0.0679178237915039,2.0
1559,7,6.6484733,6.0,0.35152673721313477,1.0
3089,8,8.602801,7.0,-0.6028013229370117,1.0
3876,16,16.184263,12.0,-0.1842632293701172,4.0
1914,10,8.419596,10.0,1.580404281616211,0.0
2119,9,8.721696,8.0,0.2783041000366211,1.0
2890,8,8.1669655,7.0,-0.16696548461914062,1.0
4139,10,9.92127,11.0,0.07872962951660156,-1.0
3129,10,13.037207,15.0,-3.0372066497802734,-5.0
2076,10,10.785665,11.0,-0.7856645584106445,-1.0
2601,10,9.951184,8.0,0.04881572723388672,2.0
1995,6,6.2414703,5.0,-0.2414703369140625,1.0
1770,6,7.085756,6.0,-1.0857558250427246,0.0
3956,12,11.319721,9.0,0.6802787780761719,3.0
1660,9,9.749684,9.0,-0.7496843338012695,0.0
3992,10,14.607469,19.0,-4.607468605041504,-9.0
2623,10,12.268492,12.0,-2.268491744995117,-2.0
3700,10,10.608712,12.0,-0.6087121963500977,-2.0
4174,9,10.219075,10.0,-1.2190752029418945,-1.0
4099,9,9.993143,10.0,-0.9931430816650391,-1.0
467,13,13.633402,10.0,-0.6334018707275391,3.0
537,7,7.7438765,11.0,-0.7438764572143555,-4.0
3770,9,9.502809,11.0,-0.5028085708618164,-2.0
1740,10,10.051106,11.0,-0.05110645294189453,-1.0
1242,9,6.608928,7.0,2.3910717964172363,2.0
282,9,10.530265,10.0,-1.5302648544311523,-1.0
3377,5,5.7955985,4.0,-0.7955985069274902,1.0
3499,9,9.766302,9.0,-0.7663021087646484,0.0
3524,6,6.511143,8.0,-0.5111432075500488,-2.0
407,16,14.043458,12.0,1.9565420150756836,4.0
89,12,13.038307,17.0,-1.0383071899414062,-5.0
2445,12,10.308093,9.0,1.6919069290161133,3.0
2974,12,11.011256,11.0,0.988743782043457,1.0
3755,8,8.258545,9.0,-0.258544921875,-1.0
2208,16,16.318344,12.0,-0.3183441162109375,4.0
2712,4,3.7442634,3.0,0.2557365894317627,1.0
3740,11,9.821996,8.0,1.178004264831543,3.0
1284,9,9.1722765,11.0,-0.17227649688720703,-2.0
1116,8,8.257846,8.0,-0.2578458786010742,0.0
2585,8,7.834653,9.0,0.16534709930419922,-1.0
1588,8,8.316352,9.0,-0.31635189056396484,-1.0
2489,15,9.855821,14.0,5.144179344177246,1.0
1484,9,9.170593,11.0,-0.17059326171875,-2.0
854,10,9.270631,9.0,0.7293691635131836,1.0
942,7,7.7679787,7.0,-0.7679786682128906,0.0
1528,13,11.16029,11.0,1.8397102355957031,2.0
3191,13,10.434645,10.0,2.5653553009033203,3.0
215,10,18.088263,12.0,-8.088262557983398,-2.0
4072,8,8.309601,8.0,-0.309600830078125,0.0
2808,9,10.983764,11.0,-1.9837636947631836,-2.0
2682,10,10.366584,10.0,-0.36658382415771484,0.0
2178,15,10.389705,13.0,4.610295295715332,2.0
552,12,10.515947,10.0,1.4840526580810547,2.0
932,7,8.116205,6.0,-1.1162052154541016,1.0
3495,8,9.211195,7.0,-1.2111949920654297,1.0
917,7,6.959705,6.0,0.04029512405395508,1.0
2071,9,9.815576,9.0,-0.8155755996704102,0.0
2714,5,6.173423,5.0,-1.1734228134155273,0.0
2801,10,10.630955,11.0,-0.6309547424316406,-1.0
3817,8,8.056598,9.0,-0.05659770965576172,-1.0
2140,10,11.34167,10.0,-1.341670036315918,0.0
448,12,12.80966,11.0,-0.8096599578857422,1.0
2234,14,13.210075,10.0,0.7899246215820312,4.0
82,16,15.164572,15.0,0.8354282379150391,1.0
2078,8,10.297871,10.0,-2.297870635986328,-2.0
3914,19,13.968883,11.0,5.0311174392700195,8.0
3333,12,9.850471,10.0,2.149529457092285,2.0
456,15,11.722538,12.0,3.2774620056152344,3.0
827,6,7.14124,7.0,-1.141240119934082,-1.0
3928,10,17.114897,20.0,-7.114896774291992,-10.0
3090,10,10.617102,9.0,-0.6171016693115234,1.0
4041,10,9.77238,10.0,0.22762012481689453,0.0
535,11,10.426434,12.0,0.5735664367675781,-1.0
3830,14,12.145196,12.0,1.8548040390014648,2.0
969,8,8.3417,9.0,-0.34169960021972656,-1.0
616,12,10.066635,12.0,1.9333648681640625,0.0
1108,8,7.9078298,8.0,0.09217023849487305,0.0
3513,9,11.176804,10.0,-2.1768035888671875,-1.0
3300,16,11.075837,13.0,4.924162864685059,3.0
2632,8,6.963899,7.0,1.0361008644104004,1.0
1397,10,10.6356,10.0,-0.6356000900268555,0.0
3297,17,11.469673,10.0,5.530326843261719,7.0
157,16,21.224089,18.0,-5.224088668823242,-2.0
786,9,10.414234,13.0,-1.4142341613769531,-4.0
970,8,9.708158,10.0,-1.7081575393676758,-2.0
3913,11,8.451744,8.0,2.5482559204101562,3.0
2782,8,10.11243,9.0,-2.112429618835449,-1.0
3993,12,14.734555,16.0,-2.734555244445801,-4.0
3397,12,11.4669485,15.0,0.5330514907836914,-3.0
2393,7,5.5982075,6.0,1.4017925262451172,1.0
1975,11,12.874026,11.0,-1.8740262985229492,0.0
750,13,13.21169,17.0,-0.21168994903564453,-4.0
3726,8,8.72058,8.0,-0.7205801010131836,0.0
11,10,8.683115,8.0,1.316884994506836,2.0
1163,9,9.139964,9.0,-0.13996410369873047,0.0
3894,12,10.770409,8.0,1.2295913696289062,4.0
1717,9,9.347744,10.0,-0.3477439880371094,-1.0
1920,9,13.011195,11.0,-4.011195182800293,-2.0
2430,11,10.375711,8.0,0.6242885589599609,3.0
1706,10,9.666399,10.0,0.3336009979248047,0.0
323,5,6.1696014,5.0,-1.1696014404296875,0.0
3562,8,10.958444,10.0,-2.9584436416625977,-2.0
281,7,7.3420534,7.0,-0.3420534133911133,0.0
2841,9,11.346977,12.0,-2.3469772338867188,-3.0
2227,7,5.3641925,6.0,1.6358075141906738,1.0
3834,6,8.077514,7.0,-2.0775136947631836,-1.0
2065,8,9.512906,10.0,-1.5129060745239258,-2.0
946,8,7.633195,7.0,0.3668050765991211,1.0
1192,9,10.801173,12.0,-1.801173210144043,-3.0
945,8,7.890263,8.0,0.10973691940307617,0.0
1013,10,9.980764,9.0,0.019235610961914062,1.0
1303,9,9.644729,7.0,-0.6447286605834961,2.0
1392,10,10.359312,13.0,-0.3593120574951172,-3.0
4039,11,10.384124,10.0,0.6158761978149414,1.0
3497,9,8.357771,9.0,0.6422290802001953,0.0
595,13,14.060284,14.0,-1.0602836608886719,-1.0
8,9,8.818402,9.0,0.18159770965576172,0.0
666,11,10.042272,8.0,0.957728385925293,3.0
1864,9,8.632695,12.0,0.36730480194091797,-3.0
2834,8,9.795778,7.0,-1.7957782745361328,1.0
453,11,10.854423,8.0,0.14557743072509766,3.0
2882,9,9.555441,10.0,-0.5554409027099609,-1.0
1853,8,9.626561,11.0,-1.626561164855957,-3.0
3769,9,10.6362,10.0,-1.636199951171875,-1.0
2273,13,9.941053,17.0,3.0589466094970703,-4.0
1457,7,7.631321,7.0,-0.6313209533691406,0.0
1429,3,2.8173506,3.0,0.1826493740081787,0.0
2557,7,7.222133,7.0,-0.22213315963745117,0.0
3647,8,9.504188,8.0,-1.5041875839233398,0.0
18,7,9.188469,11.0,-2.1884689331054688,-4.0
1105,6,7.714867,7.0,-1.714867115020752,-1.0
2739,7,8.19531,8.0,-1.1953096389770508,-1.0
986,8,10.068245,10.0,-2.0682449340820312,-2.0
867,12,9.62544,10.0,2.3745603561401367,2.0
3385,13,9.799737,7.0,3.200263023376465,6.0
705,10,10.237726,10.0,-0.23772621154785156,0.0
2776,10,10.910887,22.0,-0.9108867645263672,-12.0
2327,13,11.5303755,15.0,1.4696245193481445,-2.0
2651,8,9.147486,7.0,-1.1474857330322266,1.0
1148,8,9.044233,7.0,-1.0442333221435547,1.0
490,14,9.531774,10.0,4.468226432800293,4.0
898,4,6.1887546,7.0,-2.1887545585632324,-3.0
2280,9,11.153033,13.0,-2.1530332565307617,-4.0
3667,11,11.569645,10.0,-0.5696449279785156,1.0
2658,8,8.182642,10.0,-0.18264198303222656,-2.0
3854,11,14.758813,11.0,-3.75881290435791,0.0
1120,7,7.529841,8.0,-0.5298409461975098,-1.0
1647,10,8.656319,8.0,1.3436813354492188,2.0
2277,19,15.5430355,19.0,3.4569644927978516,0.0
355,20,12.86663,20.0,7.133370399475098,0.0
1309,10,11.370273,12.0,-1.3702726364135742,-2.0
3848,14,16.942173,12.0,-2.9421730041503906,2.0
2139,14,13.228137,10.0,0.7718629837036133,4.0
1051,11,13.012666,12.0,-2.0126657485961914,-1.0
1400,11,11.306155,12.0,-0.3061552047729492,-1.0
1143,9,8.087743,8.0,0.912257194519043,1.0
1658,8,10.896198,12.0,-2.896198272705078,-4.0
869,9,9.745296,11.0,-0.745295524597168,-2.0
1178,9,11.880952,12.0,-2.8809518814086914,-3.0
1803,10,9.508946,11.0,0.49105358123779297,-1.0
1564,7,7.955708,9.0,-0.9557080268859863,-2.0
1418,11,11.659379,12.0,-0.6593790054321289,-1.0
2013,10,8.410879,7.0,1.589120864868164,3.0
309,10,9.443778,10.0,0.5562219619750977,0.0
3583,9,10.473705,11.0,-1.4737052917480469,-2.0
2741,8,7.195265,7.0,0.8047351837158203,1.0
1278,8,8.274702,15.0,-0.2747020721435547,-7.0
1008,10,11.472834,11.0,-1.4728336334228516,-1.0
2828,9,8.269655,12.0,0.7303447723388672,-3.0
197,16,14.776919,16.0,1.2230806350708008,0.0
3851,10,14.05008,14.0,-4.050080299377441,-4.0
3365,11,7.9177947,8.0,3.082205295562744,3.0
2661,9,8.03159,9.0,0.968409538269043,0.0
130,17,14.129371,13.0,2.87062931060791,4.0
2386,14,10.074919,8.0,3.925081253051758,6.0
1215,5,6.2495394,5.0,-1.2495393753051758,0.0
927,8,8.452479,11.0,-0.45247936248779297,-3.0
1360,11,11.410326,11.0,-0.4103260040283203,0.0
2824,7,7.39148,8.0,-0.3914799690246582,-1.0
2659,8,8.425025,8.0,-0.42502498626708984,0.0
3684,11,10.214395,9.0,0.7856054306030273,2.0
3373,19,16.154388,17.0,2.845611572265625,2.0
4091,12,10.440288,10.0,1.5597124099731445,2.0
1553,7,7.201068,6.0,-0.20106792449951172,1.0
1498,11,10.497536,11.0,0.5024642944335938,0.0
1478,9,9.048768,8.0,-0.048768043518066406,1.0
4033,10,8.817597,10.0,1.1824026107788086,0.0
3840,9,11.924235,11.0,-2.9242353439331055,-2.0
2754,8,10.255122,14.0,-2.255122184753418,-6.0
955,8,8.062357,7.0,-0.06235694885253906,1.0
162,12,10.587935,11.0,1.412064552307129,1.0
1094,6,8.89251,8.0,-2.892510414123535,-2.0
1842,7,7.0874786,6.0,-0.0874786376953125,1.0
3150,10,10.292553,15.0,-0.2925529479980469,-5.0
3008,12,16.506796,17.0,-4.506795883178711,-5.0
1720,9,10.506421,13.0,-1.5064210891723633,-4.0
2183,6,19.375017,23.0,-13.375017166137695,-17.0
2409,8,13.277053,12.0,-5.277052879333496,-4.0
1878,10,11.997059,10.0,-1.9970588684082031,0.0
2843,10,11.3337755,10.0,-1.333775520324707,0.0
709,7,6.988844,8.0,0.011156082153320312,-1.0
2789,9,10.787458,12.0,-1.7874584197998047,-3.0
3521,3,3.7442634,4.0,-0.7442634105682373,-1.0
860,6,9.977344,8.0,-3.9773435592651367,-2.0
2907,10,10.075716,9.0,-0.07571601867675781,1.0
2312,8,6.913391,5.0,1.08660888671875,3.0
1257,8,6.7378497,6.0,1.2621502876281738,2.0
640,7,7.1145244,7.0,-0.11452436447143555,0.0
244,8,7.083918,6.0,0.9160819053649902,2.0
713,8,9.108054,9.0,-1.1080541610717773,-1.0
3289,15,12.281471,8.0,2.7185287475585938,7.0
2205,6,6.0497484,6.0,-0.04974842071533203,0.0
4170,10,11.329319,11.0,-1.3293190002441406,-1.0
1815,11,12.03117,11.0,-1.0311698913574219,0.0
2530,9,9.73454,11.0,-0.7345399856567383,-2.0
2004,7,6.3640356,7.0,0.6359643936157227,0.0
2881,8,8.403532,10.0,-0.4035320281982422,-2.0
3182,10,17.67287,25.0,-7.672870635986328,-15.0
909,7,6.5599046,7.0,0.4400954246520996,0.0
2850,10,9.536983,8.0,0.46301746368408203,2.0
388,14,11.431896,12.0,2.568103790283203,2.0
110,9,8.082333,11.0,0.9176673889160156,-2.0
3870,15,11.252103,11.0,3.747897148132324,4.0
3665,9,9.122878,11.0,-0.1228780746459961,-2.0
2176,20,15.551454,14.0,4.448546409606934,6.0
832,9,8.638512,8.0,0.36148834228515625,1.0
2681,9,10.57753,11.0,-1.5775299072265625,-2.0
3508,9,9.099342,11.0,-0.09934234619140625,-2.0
3678,10,12.697542,14.0,-2.697542190551758,-4.0
560,8,9.796106,10.0,-1.7961063385009766,-2.0
2328,15,10.138919,9.0,4.861081123352051,6.0
2274,15,15.269925,20.0,-0.2699251174926758,-5.0
352,12,9.261843,9.0,2.738157272338867,3.0
4064,9,9.42507,11.0,-0.42506980895996094,-2.0
1280,8,9.395154,8.0,-1.3951539993286133,0.0
2102,9,6.805216,7.0,2.194784164428711,2.0
696,4,3.2546136,3.0,0.7453863620758057,1.0
745,17,14.975493,11.0,2.0245065689086914,6.0
1829,6,6.3909187,8.0,-0.3909187316894531,-2.0
1145,9,10.129672,10.0,-1.1296720504760742,-1.0
3936,13,14.167435,17.0,-1.1674346923828125,-4.0
819,7,6.795076,6.0,0.2049241065979004,1.0
147,9,5.7041645,5.0,3.295835494995117,4.0
1110,8,9.424361,9.0,-1.424361228942871,-1.0
2329,15,12.907878,14.0,2.0921220779418945,1.0
1811,11,10.323162,11.0,0.6768379211425781,0.0
2571,9,8.170871,10.0,0.8291292190551758,-1.0
541,11,9.797954,12.0,1.2020463943481445,-1.0
2917,10,9.318755,9.0,0.6812448501586914,1.0
1562,7,7.941679,8.0,-0.9416790008544922,-1.0
177,8,7.1619134,7.0,0.8380866050720215,1.0
3169,10,12.283598,12.0,-2.283597946166992,-2.0
3987,11,16.972397,16.0,-5.9723968505859375,-5.0
865,10,10.805311,9.0,-0.8053112030029297,1.0
758,13,9.463628,9.0,3.536372184753418,4.0
3636,8,6.90709,7.0,1.092909812927246,1.0
1249,5,7.26536,7.0,-2.265359878540039,-2.0
997,8,10.577648,18.0,-2.577648162841797,-10.0
2886,8,7.617214,7.0,0.3827857971191406,1.0
2783,11,10.114892,10.0,0.8851079940795898,1.0
1751,10,10.492054,11.0,-0.4920539855957031,-1.0
1569,8,9.149361,13.0,-1.1493606567382812,-5.0
146,10,11.010089,8.0,-1.0100889205932617,2.0
2455,6,4.989257,4.0,1.0107431411743164,2.0
3613,11,9.269479,9.0,1.7305212020874023,2.0
3347,11,9.782419,7.0,1.217580795288086,4.0
1093,7,7.4105587,7.0,-0.41055870056152344,0.0
364,12,10.278644,8.0,1.7213563919067383,4.0
2270,18,9.527712,10.0,8.472288131713867,8.0
2517,7,7.901734,7.0,-0.9017338752746582,0.0
1868,8,9.795579,15.0,-1.795578956604004,-7.0
3721,9,9.491334,13.0,-0.4913339614868164,-4.0
3895,13,11.116934,11.0,1.883066177368164,2.0
3245,13,11.89028,13.0,1.109720230102539,0.0
2897,10,8.662819,9.0,1.3371810913085938,1.0
2363,18,10.6968565,9.0,7.303143501281738,9.0
707,10,9.049539,9.0,0.9504613876342773,1.0
1513,8,10.228914,10.0,-2.228914260864258,-2.0
971,7,9.356271,8.0,-2.3562707901000977,-1.0
1818,10,10.3954115,11.0,-0.39541149139404297,-1.0
3157,9,8.365219,7.0,0.6347808837890625,2.0
96,9,11.795105,12.0,-2.79510498046875,-3.0
1067,5,6.5749207,7.0,-1.574920654296875,-2.0
1499,9,9.768103,8.0,-0.7681026458740234,1.0
3558,10,8.435167,11.0,1.5648326873779297,-1.0
3116,10,6.483896,7.0,3.516104221343994,3.0
952,7,7.88322,7.0,-0.8832201957702637,0.0
2803,12,11.321039,11.0,0.6789608001708984,1.0
3690,13,12.19404,10.0,0.8059597015380859,3.0
3324,12,6.953154,6.0,5.04684591293335,6.0
262,11,12.325297,9.0,-1.3252973556518555,2.0
941,7,6.632428,7.0,0.3675718307495117,0.0
1587,8,9.082423,9.0,-1.082423210144043,-1.0
900,4,5.951148,5.0,-1.9511480331420898,-1.0
3312,17,11.5713215,9.0,5.428678512573242,8.0
2505,6,5.9944544,7.0,0.005545616149902344,-1.0
1533,6,5.1589293,7.0,0.8410706520080566,-1.0
1574,8,11.188626,13.0,-3.188626289367676,-5.0
1984,11,10.554341,10.0,0.44565868377685547,1.0
60,7,9.045644,8.0,-2.0456438064575195,-1.0
2214,8,10.791038,9.0,-2.7910375595092773,-1.0
2361,12,10.804804,11.0,1.1951961517333984,1.0
2971,11,10.815606,11.0,0.18439388275146484,0.0
1678,12,12.388876,17.0,-0.38887596130371094,-5.0
3634,6,6.9256806,7.0,-0.9256806373596191,-1.0
2086,10,9.479631,8.0,0.5203685760498047,2.0
385,9,10.8316345,8.0,-1.831634521484375,1.0
148,5,4.2502255,4.0,0.7497744560241699,1.0
3023,8,8.955369,8.0,-0.9553689956665039,0.0
3959,11,14.560363,12.0,-3.5603628158569336,-1.0
1937,9,10.919525,11.0,-1.919525146484375,-2.0
394,6,7.4073987,7.0,-1.4073987007141113,-1.0
2859,11,10.472877,11.0,0.5271234512329102,0.0
3456,12,10.440241,12.0,1.5597591400146484,0.0
2217,13,13.585746,17.0,-0.5857458114624023,-4.0
3529,6,5.9521613,6.0,0.047838687896728516,0.0
2559,7,7.003694,6.0,-0.0036940574645996094,1.0
2984,10,10.382253,9.0,-0.38225269317626953,1.0
3620,9,9.718248,10.0,-0.7182483673095703,-1.0
3412,8,8.310682,8.0,-0.3106822967529297,0.0
2152,8,8.707247,7.0,-0.7072467803955078,1.0
4161,11,10.35267,10.0,0.6473302841186523,1.0
957,6,8.850536,8.0,-2.850536346435547,-2.0
1480,9,11.659364,9.0,-2.6593637466430664,0.0
2207,8,8.470029,8.0,-0.4700288772583008,0.0
4176,12,10.844327,12.0,1.1556730270385742,0.0
4059,8,7.990437,6.0,0.009562969207763672,2.0
1833,6,7.975002,7.0,-1.9750018119812012,-1.0
1038,10,13.372482,10.0,-3.3724822998046875,0.0
1735,11,9.69355,9.0,1.3064498901367188,2.0
4156,8,8.045334,8.0,-0.0453338623046875,0.0
117,10,10.082898,13.0,-0.08289813995361328,-3.0
2818,8,6.328362,6.0,1.671638011932373,2.0
3903,16,12.4513,11.0,3.5487003326416016,5.0
3935,11,14.932461,11.0,-3.9324607849121094,0.0
187,10,9.7205925,9.0,0.2794075012207031,1.0
217,7,6.8247952,7.0,0.17520475387573242,0.0
19,9,9.31047,11.0,-0.3104696273803711,-2.0
1993,6,5.2195725,5.0,0.7804274559020996,1.0
3905,6,7.229672,6.0,-1.2296719551086426,0.0
480,29,11.618154,11.0,17.38184642791748,18.0
1273,8,9.10925,8.0,-1.1092500686645508,0.0
563,11,11.233132,11.0,-0.23313236236572266,0.0
3869,9,12.048784,19.0,-3.0487842559814453,-10.0
2032,12,11.038345,11.0,0.9616546630859375,1.0
2405,15,10.652358,11.0,4.347641944885254,4.0
1133,9,9.288164,8.0,-0.2881641387939453,1.0
1003,9,9.5321245,8.0,-0.5321245193481445,1.0
3623,10,10.071681,10.0,-0.07168102264404297,0.0
953,7,7.7712374,9.0,-0.7712373733520508,-2.0
4060,8,8.39673,9.0,-0.3967304229736328,-1.0
1581,8,8.294576,12.0,-0.29457569122314453,-4.0
1895,11,11.474854,13.0,-0.4748544692993164,-2.0
661,11,16.694471,15.0,-5.69447135925293,-4.0
3155,9,8.595202,9.0,0.4047975540161133,0.0
2876,7,6.609121,7.0,0.39087915420532227,0.0
850,10,9.789975,8.0,0.21002483367919922,2.0
3454,8,9.69479,10.0,-1.6947898864746094,-2.0
1476,9,8.185857,9.0,0.814143180847168,0.0
3800,12,11.227506,11.0,0.7724943161010742,1.0
185,13,10.080327,11.0,2.919672966003418,2.0
1919,10,12.642841,11.0,-2.642841339111328,-1.0
3798,10,14.042963,12.0,-4.042963027954102,-2.0
1158,9,9.410564,9.0,-0.4105644226074219,0.0
2553,7,6.2839804,6.0,0.7160196304321289,1.0
2179,14,16.77184,13.0,-2.771839141845703,1.0
260,11,12.454426,11.0,-1.4544258117675781,0.0
3651,10,8.590708,9.0,1.409292221069336,1.0
534,10,9.13877,9.0,0.8612298965454102,1.0
1532,5,5.56342,5.0,-0.5634198188781738,0.0
79,14,10.5120945,9.0,3.487905502319336,5.0
2385,12,11.101896,7.0,0.8981037139892578,5.0
320,5,5.7951255,6.0,-0.7951254844665527,-1.0
3879,15,10.705583,11.0,4.294417381286621,4.0
1605,9,9.547214,8.0,-0.5472135543823242,1.0
1712,9,10.371332,9.0,-1.3713321685791016,0.0
1600,7,9.357686,13.0,-2.3576860427856445,-6.0
2498,15,17.330465,11.0,-2.330465316772461,4.0
3163,9,10.162293,9.0,-1.1622934341430664,0.0
2438,16,12.85148,11.0,3.1485204696655273,5.0
2667,7,8.437627,8.0,-1.437626838684082,-1.0
1374,9,9.626444,10.0,-0.6264438629150391,-1.0
2524,11,10.3098545,10.0,0.6901454925537109,1.0
2026,9,11.578277,10.0,-2.5782766342163086,-1.0
2115,3,5.1062007,4.0,-2.106200695037842,-1.0
1277,8,8.21102,7.0,-0.21102046966552734,1.0
2749,9,7.8677483,8.0,1.1322517395019531,1.0
2038,5,5.4455667,6.0,-0.44556665420532227,-1.0
498,11,15.896575,12.0,-4.896574974060059,-1.0
2502,5,5.7108917,6.0,-0.7108917236328125,-1.0
140,10,11.028251,11.0,-1.0282506942749023,-1.0
2920,10,9.781195,8.0,0.21880531311035156,2.0
2820,6,6.6332793,6.0,-0.6332793235778809,0.0
2333,13,15.970387,20.0,-2.9703874588012695,-7.0
871,11,10.048172,8.0,0.9518280029296875,3.0
155,10,10.186875,9.0,-0.1868753433227539,1.0
1267,8,9.933997,10.0,-1.9339971542358398,-2.0
3248,11,13.217512,9.0,-2.2175121307373047,2.0
755,13,10.771105,11.0,2.2288951873779297,2.0
1118,9,8.130619,10.0,0.8693809509277344,-1.0
2539,13,11.494606,11.0,1.5053939819335938,2.0
295,6,5.766281,6.0,0.2337188720703125,0.0
2104,11,9.676344,10.0,1.3236560821533203,1.0
1940,11,14.205211,10.0,-3.2052106857299805,1.0
1543,7,6.738327,7.0,0.2616729736328125,0.0
2938,11,10.655188,9.0,0.34481239318847656,2.0
613,18,9.921753,19.0,8.0782470703125,-1.0
1483,8,9.305261,11.0,-1.3052606582641602,-3.0
2943,10,11.07673,11.0,-1.0767297744750977,-1.0
531,13,9.22619,8.0,3.773810386657715,5.0
1089,7,7.582818,7.0,-0.5828180313110352,0.0
1716,12,10.246256,9.0,1.753744125366211,3.0
910,5,6.2316937,6.0,-1.2316937446594238,-1.0
3507,11,11.014648,11.0,-0.0146484375,0.0
4035,11,9.090469,9.0,1.9095306396484375,2.0
1766,7,8.308592,8.0,-1.3085918426513672,-1.0
2666,8,8.934288,8.0,-0.9342880249023438,0.0
1830,7,7.276126,7.0,-0.2761259078979492,0.0
949,6,8.492025,9.0,-2.492025375366211,-3.0
3399,8,9.055717,9.0,-1.0557174682617188,-1.0
464,6,5.369477,6.0,0.6305232048034668,0.0
2215,10,12.450115,11.0,-2.450115203857422,-1.0
1555,8,5.9595876,8.0,2.040412425994873,0.0
3376,6,5.722505,8.0,0.2774949073791504,-2.0
650,5,5.420743,6.0,-0.4207429885864258,-1.0
1037,9,13.930506,19.0,-4.930505752563477,-10.0
2364,15,14.128729,10.0,0.8712711334228516,5.0
2670,9,10.257849,7.0,-1.2578487396240234,2.0
2690,9,9.377058,9.0,-0.3770580291748047,0.0
1711,9,9.47375,8.0,-0.47375011444091797,1.0
1343,10,9.172836,8.0,0.8271636962890625,2.0
2875,7,10.758704,8.0,-3.75870418548584,-1.0
2000,9,6.6499467,6.0,2.350053310394287,3.0
487,15,11.054293,9.0,3.945707321166992,6.0
3276,12,10.582934,7.0,1.4170656204223633,5.0
356,13,10.669556,9.0,2.3304443359375,4.0
3419,8,9.405358,10.0,-1.4053583145141602,-2.0
1997,6,6.5824594,7.0,-0.5824594497680664,-1.0
3381,19,14.937848,12.0,4.062151908874512,7.0
411,14,10.989703,8.0,3.0102968215942383,6.0
2989,9,8.807091,7.0,0.19290924072265625,2.0
2289,10,10.999036,11.0,-0.9990358352661133,-1.0
992,8,9.652044,10.0,-1.6520442962646484,-2.0
3371,10,7.64112,4.0,2.358880043029785,6.0
2628,5,6.266208,5.0,-1.2662081718444824,0.0
2858,11,10.884731,11.0,0.11526870727539062,0.0
2704,10,11.000827,11.0,-1.0008268356323242,-1.0
93,10,10.597507,11.0,-0.5975074768066406,-1.0
778,15,12.505635,10.0,2.4943647384643555,5.0
576,10,12.111463,8.0,-2.1114625930786133,2.0
188,11,9.75542,10.0,1.2445802688598633,1.0
1512,9,9.583974,10.0,-0.5839738845825195,-1.0
2698,9,10.384356,10.0,-1.3843555450439453,-1.0
2497,12,14.973225,11.0,-2.973224639892578,1.0
1007,11,10.445271,11.0,0.5547294616699219,0.0
2330,9,8.290302,9.0,0.7096977233886719,0.0
74,13,11.178555,9.0,1.8214454650878906,4.0
3680,9,11.369236,10.0,-2.3692359924316406,-1.0
436,7,8.969594,8.0,-1.9695940017700195,-1.0
1043,12,10.299414,11.0,1.7005863189697266,1.0
897,6,5.441534,5.0,0.5584659576416016,1.0
271,16,12.160893,17.0,3.839106559753418,-1.0
4047,11,9.427299,10.0,1.5727014541625977,1.0
1136,7,9.877938,11.0,-2.8779382705688477,-4.0
781,12,11.249316,11.0,0.7506837844848633,1.0
2186,9,9.821607,12.0,-0.8216066360473633,-3.0
2343,6,3.1887627,3.0,2.811237335205078,3.0
760,15,14.557135,23.0,0.44286537170410156,-8.0
1458,7,8.284456,9.0,-1.2844562530517578,-2.0
777,13,11.264262,16.0,1.7357378005981445,-3.0
2607,9,11.006969,9.0,-2.006969451904297,0.0
2137,10,12.065494,15.0,-2.065493583679199,-5.0
809,12,11.950224,10.0,0.04977607727050781,2.0
2674,9,6.85572,10.0,2.144279956817627,-1.0
1234,5,6.6620564,7.0,-1.6620564460754395,-2.0
3434,6,6.4953475,6.0,-0.4953474998474121,0.0
3291,9,10.689325,10.0,-1.6893253326416016,-1.0
1686,12,10.0993805,9.0,1.9006195068359375,3.0
3833,11,10.711755,11.0,0.28824520111083984,0.0
930,7,8.355801,6.0,-1.3558006286621094,1.0
3232,13,14.262537,11.0,-1.2625370025634766,2.0
3094,9,9.117028,9.0,-0.11702823638916016,0.0
1354,10,9.9818325,8.0,0.018167495727539062,2.0
3712,10,12.038784,13.0,-2.0387840270996094,-3.0
2660,8,9.089183,8.0,-1.0891828536987305,0.0
292,15,13.691587,12.0,1.3084125518798828,3.0
1030,10,10.075943,12.0,-0.0759429931640625,-2.0
588,14,11.335882,12.0,2.6641178131103516,2.0
1996,7,6.3909297,7.0,0.6090703010559082,0.0
704,9,8.350027,9.0,0.6499729156494141,0.0
2250,11,11.664318,10.0,-0.6643180847167969,1.0
1279,7,8.788303,10.0,-1.7883033752441406,-3.0
279,11,11.759531,11.0,-0.7595310211181641,0.0
3,10,9.9840765,8.0,0.015923500061035156,2.0
2116,6,5.8990784,5.0,0.100921630859375,1.0
2677,9,8.952102,8.0,0.047898292541503906,1.0
1266,9,7.4922414,9.0,1.507758617401123,0.0
3710,11,13.453873,13.0,-2.4538726806640625,-2.0
2079,9,8.958618,11.0,0.0413818359375,-2.0
274,13,17.866674,13.0,-4.866674423217773,0.0
1694,9,11.386087,12.0,-2.386087417602539,-3.0
3891,12,13.192949,10.0,-1.1929492950439453,2.0
3072,10,10.380823,10.0,-0.38082313537597656,0.0
3135,9,9.728075,10.0,-0.7280750274658203,-1.0
984,10,11.516118,14.0,-1.516118049621582,-4.0
3212,14,15.271082,15.0,-1.2710819244384766,-1.0
2652,9,8.191742,8.0,0.808258056640625,1.0
3872,9,12.335671,17.0,-3.3356714248657227,-8.0
1172,8,9.39428,8.0,-1.3942804336547852,0.0
740,14,11.0519,8.0,2.9481000900268555,6.0
1505,8,11.963666,10.0,-3.9636659622192383,-2.0
2051,8,10.234273,7.0,-2.2342729568481445,1.0
982,9,9.585353,8.0,-0.585352897644043,1.0
888,11,12.034341,11.0,-1.0343408584594727,0.0
1518,11,11.049748,11.0,-0.04974842071533203,0.0
899,5,7.1057563,6.0,-2.1057562828063965,-1.0
1447,8,6.829461,7.0,1.1705389022827148,1.0
1287,8,7.7992835,8.0,0.20071649551391602,0.0
546,8,5.5956674,7.0,2.4043326377868652,1.0
3884,9,6.694961,8.0,2.3050389289855957,1.0
2552,6,6.13456,6.0,-0.13456010818481445,0.0
3813,8,7.205676,9.0,0.7943239212036133,-1.0
792,9,10.676382,14.0,-1.676382064819336,-5.0
3153,9,8.296382,8.0,0.703618049621582,1.0
2070,11,9.62141,11.0,1.3785896301269531,0.0
788,9,12.338269,15.0,-3.3382692337036133,-6.0
2160,19,15.766519,19.0,3.2334814071655273,0.0
703,12,10.302134,12.0,1.697866439819336,0.0
107,10,13.847825,8.0,-3.847825050354004,2.0
3273,13,10.5370455,9.0,2.462954521179199,4.0
3564,9,9.76113,9.0,-0.7611303329467773,0.0
205,9,11.241349,18.0,-2.241349220275879,-9.0
2084,12,11.371442,11.0,0.6285581588745117,1.0
2707,9,11.775226,12.0,-2.7752256393432617,-3.0
439,13,14.330613,18.0,-1.330613136291504,-5.0
2856,11,10.09753,8.0,0.9024696350097656,3.0
3170,14,10.817775,8.0,3.182225227355957,6.0
2954,12,13.526076,20.0,-1.526076316833496,-8.0
3749,7,11.0326605,11.0,-4.032660484313965,-4.0
1980,10,10.322065,8.0,-0.3220653533935547,2.0
1216,5,5.221585,5.0,-0.22158479690551758,0.0
1550,8,6.3292522,7.0,1.6707477569580078,1.0
204,8,8.477568,10.0,-0.4775676727294922,-2.0
3824,7,10.474275,13.0,-3.4742746353149414,-6.0
1607,8,8.346587,9.0,-0.3465871810913086,-1.0
1255,7,7.9747376,8.0,-0.9747376441955566,-1.0
2542,14,13.076156,20.0,0.9238443374633789,-6.0
