,mae,mse,r2,cv_mae,predictions
RandomForest,12.977576171353379,425.5897030820828,0.6590755127253585,13.525906309864842,"[ 6.07518665  3.74670654 32.8345531  ... 56.07875925 23.37422474
 55.81884902]"
GradientBoosting,13.260057566066392,457.59543063030065,0.633436884311166,13.53974646989713,"[  4.2757446    5.12600362  29.44543875 ...  43.32336793 -10.18278845
  53.0456429 ]"
XGBoost,13.274817471649497,454.99520755870185,0.635519828778724,13.499539723789377,[ 8.833784   6.2257357 24.131151  ... 54.27556   -9.016844  37.47478  ]
ElasticNet,22.121293093340405,1018.1027558355051,0.18443477952478748,22.208881150569574,"[18.72302696 22.50414855 36.09301534 ... 62.57655731 27.19079216
 55.95105579]"
LSTM_1,20.81190479397774,1109.4350170766045,0.11127181503161221,20.81190479397774,"[ 9.306845    4.5511475  25.066286   ... 39.759583   -0.57291865
 41.42679   ]"
LSTM_2,24.527388925671577,1027.1590287817946,0.17718012747734946,24.527388925671577,[25.442034  16.970186  63.172356  ... 67.43413    1.0896711 64.39121  ]
