,values,values_model1,values_model2,error_model1,error_model2
0,1,-15.61617425974951,20.63860861520751,-16.61617425974951,19.63860861520751
1,2,-12.310043833539392,7.671136736343841,-14.310043833539392,5.671136736343841
2,3,-14.778474349063568,17.49960124397377,-17.77847434906357,14.499601243973771
3,4,-15.364927031559116,14.597155333737035,-19.364927031559116,10.597155333737035
4,5,-10.720204669657473,15.096680099536453,-15.720204669657473,10.096680099536453
5,6,-13.890428581194481,11.634875558470938,-19.89042858119448,5.634875558470938
6,7,-5.680627836741678,21.720864548301975,-12.680627836741678,14.720864548301975
7,8,6.294537526062491,11.142977031788757,-1.7054624739375086,3.1429770317887566
8,9,7.729221212144378,28.81861287786822,-1.2707787878556216,19.81861287786822
9,10,2.5000263711280146,27.062097205036874,-7.499973628871985,17.062097205036874
10,11,-5.645962662283203,22.15566986011005,-16.645962662283203,11.155669860110049
11,12,-5.456559420169889,21.06650616510218,-17.45655942016989,9.06650616510218
12,13,-6.255438047630879,19.442828016737487,-19.25543804763088,6.4428280167374865
13,14,11.762692097572451,24.530237947874582,-2.237307902427549,10.530237947874582
14,15,13.153148891234382,32.70893177845919,-1.8468511087656179,17.70893177845919
15,16,-2.352388330973639,22.22512161331299,-18.35238833097364,6.225121613312989
16,17,10.20411273110563,27.510211717259583,-6.79588726889437,10.510211717259583
17,18,6.398239388416979,23.456448139273586,-11.601760611583021,5.456448139273586
18,19,-0.666452777013486,26.405833159634078,-19.666452777013486,7.405833159634078
19,20,11.391477840017457,24.614949669543318,-8.608522159982543,4.614949669543318
20,21,7.348443432113042,40.82024468450257,-13.651556567886958,19.82024468450257
21,22,13.38328829099228,33.858451482786656,-8.61671170900772,11.858451482786656
22,23,7.404301375207185,37.923487356697215,-15.595698624792815,14.923487356697215
23,24,12.97342021411555,26.866748355588697,-11.02657978588445,2.8667483555886975
24,25,19.487060378259354,32.956233451412004,-5.512939621740646,7.956233451412004
25,26,19.84518407608914,43.96015625789911,-6.15481592391086,17.960156257899108
26,27,21.09687496177026,29.604328202055008,-5.903125038229739,2.604328202055008
27,28,16.885913763087345,32.144181338452654,-11.114086236912655,4.144181338452654
28,29,14.639408695702379,41.8829345966722,-14.360591304297621,12.8829345966722
29,30,10.963681899180301,42.83299088798028,-19.0363181008197,12.83299088798028
30,31,16.812339873423383,47.92631384462466,-14.187660126576617,16.92631384462466
31,32,16.157335964714576,50.77436251355701,-15.842664035285424,18.77436251355701
32,33,28.79040379857325,36.69774303308001,-4.2095962014267485,3.697743033080009
33,34,25.892810124860812,39.92810255201299,-8.107189875139188,5.928102552012987
34,35,26.138175822692943,44.12176670817186,-8.861824177307057,9.121766708171862
35,36,21.958775629991013,37.017162424903745,-14.041224370008987,1.017162424903745
36,37,30.3780524488394,39.326471756234206,-6.6219475511605985,2.3264717562342057
37,38,31.237453493026344,43.30333428087941,-6.762546506973656,5.303334280879412
38,39,31.238106061823505,49.14093731630042,-7.761893938176495,10.140937316300423
39,40,23.604260450678588,45.778932025203645,-16.395739549321412,5.778932025203645
40,41,29.025788289176376,58.65695595223791,-11.974211710823624,17.656955952237908
41,42,39.56973168317805,49.16118463529821,-2.4302683168219517,7.161184635298213
42,43,40.51332410588109,61.56783343070994,-2.4866758941189104,18.56783343070994
43,44,35.94554805863251,63.52095795395949,-8.054451941367489,19.52095795395949
44,45,29.434770038482995,54.547369144243994,-15.565229961517005,9.547369144243994
45,46,31.91501489690507,51.31544752108715,-14.08498510309493,5.315447521087151
46,47,32.54833526162746,53.54165653503706,-14.451664738372543,6.541656535037063
47,48,32.42300874497216,63.750339951529476,-15.576991255027842,15.750339951529476
48,49,42.54409845515974,55.19364444805923,-6.455901544840259,6.193644448059231
49,50,38.58313064310033,58.23107449048541,-11.416869356899667,8.231074490485412
50,51,39.676299833981375,61.092941311155144,-11.323700166018625,10.092941311155144
51,52,36.94698247758096,63.9271112129297,-15.05301752241904,11.927111212929702
52,53,33.81945918699272,72.92590836572353,-19.180540813007283,19.92590836572353
53,54,47.71819104888615,59.41198534810825,-6.281808951113852,5.411985348108253
54,55,38.92764821761608,62.71505036171521,-16.07235178238392,7.715050361715207
55,56,42.46055957805801,61.99493236319971,-13.53944042194199,5.994932363199709
56,57,44.97548045359426,64.86115529623049,-12.024519546405742,7.861155296230493
57,58,42.277284192399364,60.91528582099779,-15.722715807600636,2.915285820997788
58,59,40.06338313786611,66.8363855775799,-18.93661686213389,7.836385577579904
59,60,58.30286306048115,77.86943559782338,-1.697136939518849,17.869435597823383
60,61,57.19939805224881,67.67320710908253,-3.80060194775119,6.673207109082526
61,62,46.6305426014788,70.0667608171323,-15.369457398521199,8.066760817132305
62,63,60.40796429470839,81.94500912432076,-2.5920357052916074,18.945009124320762
63,64,53.19364968591923,78.8392009302105,-10.806350314080767,14.839200930210495
64,65,59.82264524380947,75.81803558154292,-5.177354756190532,10.818035581542915
65,66,59.78838162698772,81.76666183966537,-6.2116183730122785,15.766661839665375
66,67,52.66503082405609,70.34041332823557,-14.334969175943911,3.34041332823557
67,68,66.42633730789449,77.82531671119601,-1.5736626921055148,9.82531671119601
68,69,51.40693086986383,72.24648644598146,-17.593069130136172,3.2464864459814606
69,70,60.554899848306874,75.43874475537201,-9.445100151693126,5.438744755372014
70,71,60.45452741576508,74.69547793506491,-10.545472584234922,3.6954779350649147
71,72,60.73908868981985,79.87422354421365,-11.260911310180148,7.874223544213649
72,73,59.734658402989616,81.2511470875226,-13.265341597010384,8.251147087522597
73,74,66.44772485416779,92.99886305483157,-7.552275145832212,18.998863054831574
74,75,72.07895767929367,81.01838889256305,-2.9210423207063343,6.018388892563053
75,76,68.95080020334265,85.97614806101382,-7.049199796657348,9.976148061013816
76,77,72.80529975756642,93.41620867530625,-4.1947002424335835,16.41620867530625
77,78,66.43346959044099,94.49673414229657,-11.566530409559007,16.496734142296575
78,79,71.95745601175265,94.25652055366538,-7.0425439882473455,15.256520553665382
79,80,60.79672361812474,86.46884148066138,-19.203276381875263,6.468841480661382
80,81,61.65104871837467,91.40446076881578,-19.348951281625332,10.404460768815781
81,82,69.21760826920341,86.53802030854774,-12.78239173079659,4.538020308547743
82,83,70.26755191432157,87.57959093287329,-12.732448085678428,4.579590932873288
83,84,64.277807273225,93.2809830496279,-19.722192726775006,9.280983049627906
84,85,67.14162012653146,100.03325220361589,-17.858379873468536,15.033252203615888
85,86,70.46367096599533,97.00510093995892,-15.536329034004666,11.005100939958922
86,87,80.04177837688867,104.8469811961016,-6.958221623111328,17.846981196101595
87,88,80.05475846575655,104.78726715777394,-7.945241534243451,16.78726715777394
88,89,84.17593145054356,90.6005034135877,-4.824068549456442,1.6005034135877025
89,90,79.74418558856988,101.7999618144581,-10.255814411430123,11.7999618144581
90,91,71.18299807934798,103.57406402275721,-19.817001920652018,12.574064022757213
91,92,73.66913189277982,111.26992774170155,-18.330868107220184,19.26992774170155
92,93,89.75136075363008,94.44149590746838,-3.248639246369919,1.4414959074683793
93,94,92.52138450348038,105.09097164840395,-1.4786154965196232,11.09097164840395
94,95,76.92588430024294,99.8908458767812,-18.07411569975706,4.890845876781199
95,96,84.79376756897456,98.0195952195402,-11.206232431025441,2.019595219540193
96,97,92.19639212403933,109.16228196990275,-4.803607875960665,12.16228196990275
97,98,84.20058787789193,113.67947872902324,-13.799412122108066,15.679478729023245
98,99,85.75975961933342,114.72244353527857,-13.240240380666577,15.722443535278572
99,100,96.68037347010713,101.57547979296223,-3.319626529892872,1.575479792962227
100,101,95.06759556354523,109.7319816051602,-5.9324044364547746,8.7319816051602
101,102,99.8585186780481,103.84568291582379,-2.1414813219519004,1.8456829158237866
102,103,98.0126509964673,108.70893429282462,-4.9873490035326995,5.7089342928246225
103,104,100.4861921777918,108.66473335240102,-3.513807822208193,4.664733352401015
104,105,100.32851044298343,110.08846900560098,-4.671489557016571,5.0884690056009845
105,106,91.97612422765077,113.44324986665605,-14.023875772349228,7.443249866656046
106,107,105.05950485903972,113.27094279488396,-1.9404951409602802,6.270942794883965
107,108,105.06476231028388,127.28331831522436,-2.935237689716118,19.283318315224363
108,109,105.45070087651254,116.69573528017825,-3.549299123487458,7.695735280178255
109,110,102.98571870179545,127.98927779056646,-7.014281298204551,17.98927779056646
110,111,104.32374409381312,115.43979175889757,-6.676255906186881,4.43979175889757
111,112,106.15378807898385,127.51119047657608,-5.846211921016149,15.511190476576076
112,113,97.73980358478408,115.1655651844682,-15.260196415215916,2.165565184468207
113,114,94.03756703259609,123.79246335991749,-19.962432967403913,9.792463359917491
114,115,103.85441945105288,116.104698364475,-11.145580548947123,1.1046983644749986
115,116,97.0601483596351,132.39552449831928,-18.939851640364907,16.395524498319276
116,117,108.46440786960477,136.0592346847179,-8.53559213039523,19.059234684717893
117,118,114.97303351074845,119.66704004571577,-3.0269664892515493,1.6670400457157655
118,119,110.23329724007309,137.74308086799297,-8.766702759926915,18.743080867992973
119,120,113.37357230512083,135.7032239383357,-6.626427694879169,15.703223938335697
120,121,110.62526771650562,128.81836999706312,-10.374732283494382,7.818369997063115
121,122,108.51617013858797,140.2686544732333,-13.483829861412033,18.268654473233312
122,123,113.24004583610424,129.62888815376712,-9.759954163895756,6.628888153767122
123,124,105.23195027052131,132.77661093246047,-18.76804972947869,8.776610932460471
124,125,107.18946837631178,127.83751398164841,-17.81053162368822,2.8375139816484136
125,126,111.66242569184226,139.48184027610273,-14.337574308157741,13.48184027610273
126,127,116.69598666507356,128.56241574610317,-10.304013334926438,1.56241574610317
127,128,124.49794164552532,138.21320022878172,-3.502058354474684,10.213200228781716
128,129,120.45674033122496,142.98064515479814,-8.543259668775036,13.98064515479814
129,130,115.6163707513777,146.60351441803311,-14.383629248622299,16.603514418033114
130,131,124.5871751094791,134.8488864028116,-6.412824890520895,3.848886402811587
131,132,129.02422652667502,147.32771695872563,-2.9757734733249777,15.327716958725631
132,133,114.74992930729806,147.66246344754558,-18.25007069270194,14.662463447545576
133,134,119.52803461350466,145.6318401482759,-14.471965386495341,11.631840148275899
134,135,122.30974789393315,147.10824735796942,-12.69025210606685,12.108247357969418
135,136,119.94252079343059,138.73414369627878,-16.05747920656941,2.734143696278778
136,137,120.12272528591396,149.40894982156723,-16.87727471408604,12.408949821567234
137,138,127.81427903475056,146.24892193434582,-10.185720965249445,8.248921934345816
138,139,121.25742322322064,156.4840361754913,-17.74257677677936,17.484036175491298
139,140,121.588038796679,146.9488787529838,-18.411961203321,6.948878752983802
140,141,134.84052918692916,152.95530646990696,-6.15947081307084,11.955306469906958
141,142,129.4566381639749,151.10485659432268,-12.543361836025099,9.104856594322683
142,143,131.99490345241108,160.64897682675596,-11.00509654758892,17.648976826755955
143,144,132.77903019611387,149.8244166727946,-11.220969803886135,5.824416672794598
144,145,126.18440121467333,147.49724484587975,-18.81559878532667,2.4972448458797487
145,146,139.20141464883244,161.22445869867965,-6.79858535116756,15.224458698679655
146,147,127.31475441354306,155.8450357212581,-19.685245586456944,8.845035721258114
147,148,129.8595069187196,160.19286882339955,-18.140493081280397,12.19286882339955
148,149,139.28426511634345,150.50139730255367,-9.715734883656552,1.50139730255367
149,150,133.46838799125484,169.09008603655064,-16.531612008745157,19.090086036550645
150,151,135.38810710791734,168.67474917031456,-15.611892892082665,17.674749170314556
151,152,138.1199955772481,164.85349011096827,-13.88000442275191,12.853490110968266
152,153,145.92315610172008,154.32356700013975,-7.076843898279918,1.3235670001397466
153,154,149.26743115540188,162.18155300567466,-4.73256884459812,8.181553005674658
154,155,141.2409737614506,174.59713421710083,-13.75902623854941,19.59713421710083
155,156,138.9835073683794,169.94527681606445,-17.016492631620594,13.94527681606445
156,157,155.69119701512997,161.05876936495497,-1.3088029848700273,4.058769364954969
157,158,144.78673586913828,167.7513382244355,-13.213264130861717,9.7513382244355
158,159,149.58541253217797,178.36801713302623,-9.414587467822031,19.36801713302623
159,160,141.9363326525873,171.15945531391526,-18.06366734741269,11.15945531391526
160,161,153.8920143137701,162.46767603256666,-7.10798568622991,1.4676760325666578
161,162,151.9904885669912,174.77566960124358,-10.00951143300881,12.775669601243578
162,163,152.21942502333147,169.15311408769205,-10.780574976668532,6.153114087692046
163,164,160.33164909395,166.87807308566119,-3.6683509060499944,2.8780730856611854
164,165,150.45504624872078,173.65526044990597,-14.544953751279223,8.655260449905967
165,166,149.22094944270177,177.61193885121264,-16.779050557298234,11.611938851212642
166,167,164.89972373897106,168.32377364290826,-2.100276261028938,1.3237736429082645
167,168,161.46361240979886,179.621889364083,-6.536387590201144,11.621889364082989
168,169,167.2771510508339,179.71285978995311,-1.7228489491660923,10.712859789953114
169,170,150.8256620109234,186.08425927887643,-19.174337989076605,16.08425927887643
170,171,157.32379240662735,180.04744651949255,-13.676207593372652,9.047446519492553
171,172,152.68019203035914,183.51555816372783,-19.319807969640863,11.515558163727832
172,173,161.90160871170514,188.0981767770854,-11.098391288294863,15.0981767770854
173,174,157.76069804598333,192.04577156385696,-16.239301954016668,18.04577156385696
174,175,166.88613430628493,183.22065694445007,-8.11386569371507,8.22065694445007
175,176,168.27743838111982,188.43103641987977,-7.722561618880178,12.431036419879774
176,177,168.81291147500247,191.19760716491126,-8.187088524997534,14.197607164911261
177,178,164.50061945919788,179.82214285240173,-13.499380540802122,1.8221428524017256
178,179,171.1703901305886,195.21444966123656,-7.829609869411399,16.214449661236557
179,180,161.8930184195197,188.1711735190925,-18.106981580480294,8.171173519092491
180,181,161.31777756404705,194.73453988742858,-19.68222243595295,13.734539887428582
181,182,180.42189620859688,191.96161725789403,-1.578103791403123,9.961617257894034
182,183,178.32115748235256,197.34444371114245,-4.678842517647439,14.344443711142446
183,184,180.86725014083967,198.7622886054798,-3.1327498591603273,14.762288605479796
184,185,183.19508310526257,189.63984925624288,-1.8049168947374312,4.639849256242883
185,186,180.67292112640155,199.58131045144256,-5.3270788735984524,13.581310451442562
186,187,177.51092691298746,204.17514531975965,-9.489073087012542,17.17514531975965
187,188,171.097183059515,193.47577680959452,-16.902816940484996,5.475776809594521
188,189,183.78534342031008,204.40548592798368,-5.214656579689915,15.405485927983676
189,190,179.61504014241817,203.04267714994924,-10.384959857581833,13.042677149949242
190,191,172.33724395051166,210.1473946549787,-18.662756049488337,19.14739465497871
191,192,178.32292057105317,197.94468496854347,-13.677079428946826,5.94468496854347
192,193,176.83649862463605,196.93127777550205,-16.16350137536395,3.9312777755020534
193,194,182.53111456647576,200.9302992903523,-11.468885433524235,6.930299290352309
194,195,175.37113728202803,200.90121678576045,-19.62886271797197,5.901216785760454
195,196,183.81541906105198,211.37982244899675,-12.184580938948017,15.379822448996748
196,197,195.13529643471077,211.92907677308918,-1.8647035652892328,14.929076773089179
197,198,193.2383268011439,211.72401311625134,-4.761673198856101,13.724013116251342
198,199,190.3093010498142,204.11120317471128,-8.690698950185805,5.111203174711278
199,200,187.57573372109826,217.3743293413427,-12.42426627890174,17.3743293413427
200,201,185.33331351922976,220.17485956131964,-15.666686480770238,19.174859561319636
201,202,193.15136360782617,213.10051054406424,-8.84863639217383,11.100510544064235
202,203,188.5088922047019,216.33808188195832,-14.491107795298092,13.338081881958317
203,204,187.99247944092662,214.5131498813907,-16.007520559073384,10.513149881390689
204,205,197.97205625225033,211.38759658694948,-7.027943747749674,6.387596586949485
205,206,186.39386543931946,212.43680447593547,-19.606134560680545,6.436804475935475
206,207,193.65652659051912,213.95498993196335,-13.343473409480879,6.954989931963354
207,208,190.2610368450635,212.62615007911893,-17.7389631549365,4.626150079118929
208,209,197.43718391263647,227.13654901995704,-11.56281608736353,18.136549019957044
209,210,194.90954096410584,227.30956454688703,-15.090459035894156,17.30956454688703
210,211,195.35966282928905,220.7711478650579,-15.64033717071095,9.771147865057912
211,212,193.743280794543,219.97777683864325,-18.25671920545699,7.977776838643251
212,213,209.14335461944395,231.84248877439487,-3.8566453805560457,18.842488774394866
213,214,202.39261494078428,219.2250959154234,-11.607385059215716,5.225095915423395
214,215,205.86080825098873,226.51729722986923,-9.139191749011275,11.517297229869229
215,216,197.45997859769892,218.03546495530108,-18.54002140230108,2.03546495530108
216,217,214.003200809269,221.63284174333154,-2.9967991907309965,4.632841743331539
217,218,198.33109611506265,230.47651173383068,-19.66890388493735,12.476511733830677
218,219,201.36642484222736,232.58148940403922,-17.63357515777264,13.581489404039218
219,220,217.59730065027927,232.03892055479156,-2.4026993497207343,12.03892055479156
220,221,210.67163867473099,238.5224269039865,-10.328361325269015,17.522426903986513
221,222,207.366369495962,241.8746991956322,-14.633630504037995,19.87469919563219
222,223,207.9751206318699,238.5133750009053,-15.024879368130087,15.513375000905313
223,224,205.7766116204795,233.8367438987314,-18.223388379520486,9.836743898731413
224,225,208.8025567239361,241.84475871962795,-16.197443276063893,16.844758719627947
225,226,219.09232277346229,229.28736048915403,-6.907677226537714,3.2873604891540253
226,227,216.5297390686134,240.98214323247265,-10.470260931386605,13.982143232472652
227,228,213.66607050421877,238.84841796161524,-14.333929495781234,10.84841796161524
228,229,225.36970001407732,233.38325183885865,-3.630299985922676,4.383251838858655
229,230,225.31417484559626,249.48573872832407,-4.685825154403744,19.485738728324066
230,231,220.86019348591242,238.4303109757962,-10.139806514087581,7.430310975796203
231,232,225.33332982459527,244.6930447133043,-6.666670175404732,12.693044713304289
232,233,215.6113742541022,250.6932905129741,-17.388625745897798,17.6932905129741
233,234,221.86073089110826,244.6270880343816,-12.139269108891739,10.627088034381586
234,235,227.37536124335102,238.18761915335222,-7.624638756648977,3.187619153352216
235,236,218.8721725135162,252.5560426025985,-17.127827486483795,16.556042602598495
236,237,220.70730947746947,244.7110615741172,-16.292690522530535,7.7110615741171955
237,238,218.03125733511388,257.67827050894493,-19.968742664886122,19.678270508944934
238,239,221.90115392165904,256.7926834824466,-17.098846078340955,17.79268348244659
239,240,231.12532583869208,257.2155373336302,-8.874674161307922,17.21553733363021
240,241,237.57752124637022,248.76881037322008,-3.4224787536297754,7.768810373220077
241,242,225.02782274419093,257.38546577837224,-16.972177255809072,15.385465778372236
242,243,240.8645995587525,262.7402521970302,-2.135400441247498,19.740252197030202
243,244,236.34484706044776,255.0001106270753,-7.655152939552238,11.000110627075287
244,245,226.5249783653458,254.9439109441494,-18.47502163465421,9.943910944149394
245,246,226.74543700454308,247.27865059846934,-19.254562995456922,1.2786505984693406
246,247,233.82927272309684,261.30387160596376,-13.170727276903165,14.303871605963764
247,248,233.91568197730945,265.31107380343525,-14.084318022690553,17.31107380343525
248,249,247.19336471421508,254.70168653555476,-1.806635285784921,5.701686535554757
249,250,239.2248735192986,256.9854669651785,-10.775126480701402,6.985466965178489
250,251,239.60950460267952,261.512863405197,-11.390495397320478,10.512863405196981
251,252,244.5380858236419,254.3695229898688,-7.461914176358107,2.3695229898688126
252,253,250.6966601396762,255.703207045876,-2.3033398603238027,2.703207045876013
253,254,248.65075560523653,263.0011044188735,-5.349244394763474,9.001104418873524
254,255,247.19830519963728,260.963160101365,-7.801694800362725,5.96316010136502
255,256,246.73230225618974,264.7147087481226,-9.26769774381026,8.714708748122575
256,257,244.77239221486218,266.6333396638988,-12.22760778513782,9.633339663898823
257,258,243.2745611447335,277.54919453804325,-14.725438855266503,19.549194538043253
258,259,251.96499440779502,277.9409365819539,-7.035005592204982,18.940936581953906
259,260,252.74987856153933,263.65487287925555,-7.250121438460667,3.6548728792555494
260,261,259.6258587882496,278.7691335009127,-1.3741412117503842,17.769133500912687
261,262,260.2233776582137,264.5239265842715,-1.7766223417863216,2.5239265842715213
262,263,257.1013878081378,273.6450739246373,-5.898612191862185,10.645073924637302
263,264,248.93534504417582,268.11428810208554,-15.064654955824182,4.114288102085538
264,265,252.06203722289567,272.95195076178175,-12.937962777104332,7.951950761781745
265,266,250.37400860712114,281.1234642873246,-15.62599139287886,15.123464287324623
266,267,251.3905307119184,276.06560410778013,-15.609469288081613,9.065604107780132
267,268,250.72521811428328,284.33207446385535,-17.27478188571672,16.33207446385535
268,269,254.31393394624922,283.6574985097133,-14.686066053750778,14.65749850971332
269,270,250.39879253898437,288.91394947800933,-19.601207461015633,18.91394947800933
270,271,252.92232083326547,282.14896439113164,-18.077679166734526,11.148964391131642
271,272,259.85237384175855,288.2408111257681,-12.14762615824145,16.24081112576812
272,273,260.82500426066775,280.13523502040397,-12.174995739332246,7.135235020403968
273,274,272.3489262333076,281.56917105670743,-1.6510737666923774,7.569171056707432
274,275,255.02799502354128,283.6096988080486,-19.97200497645872,8.60969880804862
275,276,272.5000560500433,284.8073989516637,-3.4999439499566734,8.807398951663686
276,277,261.93340326399976,279.9618111926535,-15.066596736000236,2.9618111926534993
277,278,261.4007112926381,288.8628798473054,-16.599288707361893,10.862879847305408
278,279,270.91196394320116,281.8392611661115,-8.088036056798842,2.8392611661114984
279,280,275.25981096135905,297.9054805805755,-4.740189038640949,17.9054805805755
280,281,278.12356215097947,283.17505088124256,-2.876437849020533,2.175050881242555
281,282,266.776485889238,291.54419417587684,-15.223514110761982,9.54419417587684
282,283,273.39958294509177,289.4091872614182,-9.600417054908235,6.409187261418197
283,284,269.43936257897843,287.9425188974351,-14.560637421021568,3.942518897435093
284,285,266.6072546718158,300.892897126002,-18.39274532818422,15.892897126002026
285,286,282.2149090131299,300.583715579471,-3.7850909868701024,14.583715579471004
286,287,268.5357509862478,290.77300991344873,-18.46424901375218,3.773009913448732
287,288,279.1790972693397,301.0225471810199,-8.820902730660293,13.022547181019888
288,289,282.1999268119515,305.0585481792785,-6.800073188048486,16.05854817927849
289,290,271.0818170485472,305.69331218702786,-18.91818295145282,15.693312187027857
290,291,271.17761784047843,293.7533123556039,-19.822382159521567,2.753312355603896
291,292,287.22104786241846,306.02474166186977,-4.778952137581541,14.024741661869768
292,293,279.5200714079123,307.604454496788,-13.479928592087674,14.60445449678798
293,294,290.97658903834986,311.38115907379853,-3.023410961650143,17.38115907379853
294,295,281.6326339267074,305.65284243843473,-13.367366073292601,10.652842438434732
295,296,279.28104867225886,305.7607860057638,-16.718951327741138,9.760786005763805
296,297,282.9945276160427,316.33721017346994,-14.005472383957283,19.33721017346994
297,298,289.07067030081066,314.1337328590363,-8.929329699189338,16.133732859036286
298,299,290.72173916828837,310.6158888253233,-8.278260831711634,11.615888825323282
299,300,291.53067411075506,307.28172435491433,-8.469325889244942,7.281724354914331
300,301,288.79547545813443,318.0595219240667,-12.204524541865567,17.0595219240667
301,302,284.2502218686226,311.6532913998237,-17.74977813137741,9.653291399823672
302,303,284.3477430118934,305.76101865100503,-18.652256988106615,2.761018651005031
303,304,301.982937216061,313.64318118155535,-2.017062783939025,9.643181181555349
304,305,300.5491745017319,322.5673995268528,-4.450825498268102,17.567399526852796
305,306,302.86773799926254,315.5173607909945,-3.1322620007374553,9.517360790994474
306,307,302.3266418254286,308.27263380706665,-4.673358174571376,1.2726338070666543
307,308,300.4144515984257,320.61822115441294,-7.585548401574272,12.618221154412936
308,309,298.37589803017016,328.92077006481657,-10.624101969829837,19.920770064816566
309,310,297.0402366868261,326.5277230967697,-12.95976331317388,16.527723096769705
310,311,296.0892978363457,323.72752098574483,-14.91070216365432,12.727520985744832
311,312,294.0878807136697,330.3735788491598,-17.912119286330324,18.3735788491598
312,313,293.207319692634,329.4580519513702,-19.792680307366027,16.45805195137018
313,314,300.4057269074147,324.47414770206075,-13.594273092585297,10.474147702060748
314,315,297.9380741453125,327.23318542274023,-17.0619258546875,12.233185422740235
315,316,300.2172619084307,330.8945633748574,-15.782738091569286,14.894563374857398
316,317,310.1568912548445,334.08209711559846,-6.843108745155519,17.082097115598458
317,318,300.36184686553645,320.1053516451575,-17.63815313446355,2.105351645157498
318,319,317.18750037899184,334.7212732860619,-1.8124996210081576,15.721273286061887
319,320,318.9930204687223,329.50256535958584,-1.0069795312776932,9.502565359585844
320,321,314.79908004161916,334.5551726457293,-6.200919958380837,13.555172645729272
321,322,312.2201469370784,337.52802720821813,-9.779853062921575,15.528027208218134
322,323,309.87110499498715,334.2505365755215,-13.12889500501285,11.250536575521494
323,324,321.06636493565367,328.01178216102755,-2.9336350643463334,4.011782161027554
324,325,311.21280745713807,333.78100979884704,-13.78719254286193,8.781009798847037
325,326,309.7654985258658,328.4605868812952,-16.23450147413422,2.460586881295228
326,327,322.47905452799205,341.09671313195,-4.520945472007952,14.096713131950025
327,328,319.1126201581959,347.1204174572986,-8.88737984180409,19.120417457298572
328,329,318.1202851908871,345.1098034322596,-10.879714809112897,16.109803432259582
329,330,320.4156666563949,338.40594203295524,-9.584333343605124,8.405942032955238
330,331,314.80323131311906,343.1015384241044,-16.196768686880944,12.101538424104376
331,332,312.7500744357327,338.7798128410905,-19.2499255642673,6.779812841090518
332,333,316.81988988384455,344.2798663915443,-16.180110116155447,11.279866391544317
333,334,331.51813646035936,340.71381120990816,-2.481863539640642,6.713811209908158
334,335,318.7062241289766,350.0281703791736,-16.2937758710234,15.028170379173616
335,336,333.7346696875245,341.9274886517535,-2.2653303124754984,5.927488651753492
336,337,331.5165626804102,356.316387418244,-5.483437319589825,19.316387418244005
337,338,334.0911589601213,351.5770259112971,-3.9088410398787232,13.577025911297085
338,339,334.2471369699244,341.30677910599303,-4.752863030075616,2.30677910599303
339,340,328.9620125859103,341.2047775066082,-11.037987414089685,1.2047775066081954
340,341,327.2378927053938,360.9438805398969,-13.76210729460621,19.943880539896895
341,342,332.0638956356152,347.1896059861001,-9.93610436438479,5.189605986100105
342,343,323.76578285844437,349.9386922206864,-19.234217141555632,6.9386922206863915
343,344,338.4344459194268,348.95986626984006,-5.565554080573179,4.959866269840063
344,345,329.5003356251589,363.63393367695244,-15.499664374841075,18.633933676952438
345,346,328.4665386083642,359.38824433370365,-17.533461391635797,13.388244333703653
346,347,335.3207438956603,357.5833401475661,-11.679256104339686,10.583340147566105
347,348,338.3317724627305,359.59536547535885,-9.668227537269502,11.595365475358847
348,349,336.67249551119437,356.03958409868454,-12.32750448880563,7.039584098684543
349,350,340.8526143669535,362.66932504491297,-9.147385633046497,12.669325044912966
350,351,339.451316235856,359.9724069056437,-11.548683764144016,8.972406905643709
351,352,343.07825490955275,356.7853347820594,-8.921745090447246,4.785334782059408
352,353,344.39107550441145,366.4754968944877,-8.608924495588553,13.47549689448772
353,354,339.7884171053489,362.102970815925,-14.211582894651087,8.102970815925005
354,355,352.2358269517086,370.9162612032261,-2.7641730482914113,15.9162612032261
355,356,351.83570061815243,364.89250419268103,-4.16429938184757,8.89250419268103
356,357,339.8272290374149,367.65715612587775,-17.172770962585105,10.657156125877748
357,358,342.3495304105114,373.96186310443704,-15.65046958948858,15.961863104437043
358,359,352.6523791814065,368.5096837654749,-6.347620818593498,9.509683765474904
359,360,351.83189027935055,379.3582015673591,-8.168109720649454,19.358201567359117
360,361,342.4054963740589,377.06754467670714,-18.594503625941115,16.067544676707143
361,362,345.45653272169665,378.7021777009846,-16.543467278303353,16.702177700984578
362,363,350.327420300387,382.1244888673708,-12.672579699612982,19.124488867370815
363,364,358.7916866027438,372.3881619480209,-5.208313397256177,8.388161948020922
364,365,363.1592125450099,377.02152501946125,-1.8407874549901067,12.02152501946125
365,366,356.8061009100039,380.1782430751165,-9.19389908999608,14.178243075116484
366,367,353.2200843541082,380.795711187272,-13.779915645891776,13.79571118727199
367,368,351.25887068016084,387.1057990966594,-16.74112931983916,19.105799096659382
368,369,351.7989088908969,375.47862404368834,-17.201091109103118,6.478624043688342
369,370,368.3772578754261,376.53586904389385,-1.6227421245739038,6.535869043893854
370,371,365.3610163570993,389.4420836387438,-5.638983642900712,18.44208363874378
371,372,364.55720281892934,388.1868071928046,-7.4427971810706595,16.186807192804622
372,373,368.4140879917717,377.86377585732237,-4.58591200822832,4.863775857322366
373,374,357.7434678110871,385.83089068376256,-16.2565321889129,11.830890683762561
374,375,359.4181505013861,390.16951094783025,-15.581849498613906,15.169510947830247
375,376,365.18017223276155,383.7076914185027,-10.81982776723845,7.707691418502691
376,377,357.3243969180787,386.2532627732064,-19.67560308192128,9.253262773206416
377,378,374.262887719274,389.93253562155695,-3.7371122807260235,11.932535621556951
378,379,360.9066176367743,388.875062593416,-18.093382363225714,9.875062593415976
379,380,376.7871981709236,395.3078054113116,-3.2128018290763976,15.30780541131162
380,381,376.8995475952317,382.1128363199783,-4.100452404768305,1.112836319978328
381,382,367.7718351952382,391.25801796342995,-14.228164804761775,9.25801796342995
382,383,379.9181758512079,390.41404613124854,-3.0818241487921227,7.41404613124854
383,384,372.2489431870445,396.57411700376673,-11.751056812955483,12.57411700376673
384,385,376.0155628070196,400.74321039574585,-8.984437192980408,15.743210395745848
385,386,371.15899465472074,388.4467580818291,-14.841005345279257,2.4467580818291026
386,387,368.88717046263156,391.00313493842265,-18.11282953736844,4.003134938422647
387,388,372.37244122128794,401.6365508586986,-15.627558778712057,13.636550858698627
388,389,371.85589234799744,404.0296463792929,-17.14410765200256,15.029646379292899
389,390,388.3740364779066,402.1758337644979,-1.6259635220934001,12.175833764497895
390,391,384.10628553336016,410.6732636303906,-6.893714466639835,19.67326363039058
391,392,381.20677135295966,402.4897682930249,-10.793228647040337,10.489768293024895
392,393,384.0968870220342,396.5895543668552,-8.903112977965804,3.589554366855225
393,394,388.6061558933859,408.0395301470505,-5.393844106614097,14.039530147050527
394,395,388.15039213875957,407.43943492170115,-6.849607861240429,12.43943492170115
395,396,377.0368115625595,408.218008025575,-18.96318843744052,12.218008025574989
396,397,390.41056328244434,408.37121906968156,-6.589436717555657,11.371219069681558
397,398,390.27582190658404,416.8428184814412,-7.724178093415958,18.842818481441213
398,399,397.92951429874967,402.4539715397046,-1.070485701250334,3.4539715397045825
399,400,382.9435250817204,402.39074867197456,-17.056474918279605,2.3907486719745634
400,401,397.05802663537,404.9282262181691,-3.9419733646299733,3.9282262181690726
401,402,397.1212587652392,407.65481398819406,-4.87874123476081,5.654813988194064
402,403,397.1499741752515,415.26598006929294,-5.8500258247485135,12.265980069292937
403,404,386.192180919948,416.63607973283797,-17.807819080052013,12.63607973283797
404,405,400.07742318632,410.4194356716846,-4.922576813679996,5.419435671684596
405,406,389.84699914350915,416.2952844869078,-16.15300085649085,10.295284486907804
406,407,390.6470625338648,417.15917520258694,-16.352937466135188,10.159175202586937
407,408,389.38660919305846,417.6091045594193,-18.61339080694154,9.60910455941928
408,409,405.804335041594,425.26736060334053,-3.1956649584059846,16.267360603340535
409,410,404.8716995255812,419.962168327637,-5.128300474418779,9.962168327637016
410,411,395.8849324504663,426.40894442316716,-15.115067549533705,15.408944423167156
411,412,407.27598566866595,416.16314150429116,-4.724014331334047,4.163141504291161
412,413,406.55973860940446,424.1073795373902,-6.440261390595538,11.107379537390216
413,414,409.8319099778841,430.6579907452007,-4.168090022115905,16.65799074520072
414,415,410.7187629630541,419.3766150944089,-4.2812370369459245,4.376615094408919
415,416,405.85048626206407,425.8335212052556,-10.149513737935933,9.833521205255579
416,417,413.91602181985377,429.57250700467864,-3.0839781801462323,12.572507004678641
417,418,410.8877452491912,422.51071692190845,-7.112254750808802,4.510716921908454
418,419,409.8947157176213,434.37854651231663,-9.105284282378705,15.378546512316632
419,420,418.5335857860444,422.50092870813,-1.466414213955602,2.5009287081300045
420,421,412.6216698369854,439.9818946692467,-8.378330163014596,18.981894669246685
421,422,419.2116737143752,431.8962083901446,-2.7883262856248052,9.89620839014458
422,423,412.62200790822266,430.3863386409441,-10.377992091777344,7.386338640944075
423,424,407.3109744174152,427.21933313609014,-16.689025582584804,3.2193331360901425
424,425,408.44997891854604,434.2193362182894,-16.550021081453963,9.219336218289413
425,426,423.4714782047894,439.5362765584247,-2.5285217952106223,13.536276558424674
426,427,414.5766726041841,429.7952583037053,-12.423327395815875,2.795258303705282
427,428,411.14285874254654,434.81911280818724,-16.857141257453463,6.819112808187242
428,429,423.4785216842419,445.8843340726815,-5.521478315758088,16.884334072681497
429,430,414.5233962824576,443.2774394863682,-15.476603717542389,13.277439486368223
430,431,413.0754774174482,435.92108722529485,-17.924522582551788,4.921087225294855
431,432,415.68364112263157,436.0572861200687,-16.31635887736843,4.057286120068682
432,433,429.9612804012054,451.1852154978171,-3.0387195987946143,18.185215497817126
433,434,432.8278600090747,440.4533842054787,-1.1721399909253023,6.453384205478699
434,435,430.35724191148495,439.41050320907397,-4.642758088515052,4.4105032090739655
435,436,429.86093052201414,455.99931635230945,-6.139069477985856,19.99931635230945
436,437,424.2925231782968,443.8746447277802,-12.70747682170321,6.874644727780208
437,438,429.698809670396,441.37006356837793,-8.301190329604026,3.3700635683779296
438,439,424.635266417432,448.773394965306,-14.364733582568022,9.77339496530601
439,440,432.29157575008946,449.25255709377114,-7.708424249910536,9.252557093771145
440,441,437.0659169315626,459.60924704077627,-3.934083068437417,18.609247040776268
441,442,435.05889297376535,445.54989400204977,-6.941107026234647,3.5498940020497685
442,443,425.19783969860646,445.7315917164568,-17.802160301393542,2.731591716456819
443,444,424.7878854593438,446.7665947472269,-19.212114540656216,2.766594747226918
444,445,440.05725805272,463.1814618506225,-4.9427419472800125,18.181461850622497
445,446,430.0191006465356,455.53801438126044,-15.980899353464395,9.538014381260439
446,447,440.80637400574244,450.8615240349493,-6.193625994257559,3.861524034949298
447,448,430.1445006748033,460.2827718692065,-17.855499325196718,12.282771869206499
448,449,444.85463335687115,460.2148437573658,-4.1453666431288525,11.214843757365827
449,450,436.3467615448129,454.7697282072291,-13.65323845518708,4.769728207229093
450,451,448.3999859704495,463.45772464910107,-2.6000140295504934,12.457724649101067
451,452,432.4960268444965,459.46439345202197,-19.503973155503502,7.464393452021966
452,453,438.6879664518297,458.5290445868865,-14.312033548170291,5.529044586886528
453,454,437.00550095130336,464.6976116070815,-16.99449904869664,10.697611607081512
454,455,443.23328255210237,461.5413359688114,-11.766717447897634,6.5413359688113815
455,456,445.9407740853517,461.22065851346304,-10.059225914648323,5.220658513463036
456,457,444.18423456350706,474.7147257576938,-12.815765436492939,17.714725757693827
457,458,446.95391127771046,461.95948895489494,-11.04608872228954,3.959488954894937
458,459,449.08169725224207,465.3312095684118,-9.918302747757934,6.3312095684117935
459,460,444.5704452223048,468.3366292171467,-15.429554777695216,8.336629217146708
460,461,456.6141818561539,467.1991278957004,-4.385818143846109,6.199127895700428
461,462,457.747731085052,467.00350220897764,-4.25226891494799,5.003502208977636
462,463,453.7949896376556,478.65177584403716,-9.20501036234441,15.65177584403716
463,464,456.905789595146,471.25130701574807,-7.094210404853982,7.251307015748068
464,465,462.59163415965253,468.1377461962874,-2.4083658403474715,3.1377461962874236
465,466,448.95506064404407,477.2770080866772,-17.044939355955933,11.2770080866772
466,467,451.33954667280733,470.3842814474918,-15.66045332719267,3.3842814474917873
467,468,456.6654915037433,475.7928725413776,-11.334508496256717,7.792872541377619
468,469,449.392833791977,486.7547084831734,-19.60716620802299,17.754708483173374
469,470,467.6205987355955,478.0140627070182,-2.379401264404521,8.014062707018184
470,471,455.4332832804704,484.01767051147675,-15.566716719529609,13.017670511476751
471,472,465.9389625594272,482.777885184164,-6.061037440572818,10.777885184164006
472,473,464.9966205210721,476.6167720697815,-8.003379478927911,3.6167720697815184
473,474,468.8336916811417,487.33232235802586,-5.166308318858285,13.332322358025863
474,475,459.00828006222457,492.2646649417423,-15.991719937775429,17.264664941742296
475,476,472.25943806159023,478.77103700686155,-3.740561938409769,2.7710370068615475
476,477,460.03968274302974,492.31992169346603,-16.960317256970256,15.319921693466029
477,478,464.4300246836332,492.11401434886056,-13.569975316366822,14.114014348860564
478,479,476.8785583398868,496.46655092494575,-2.1214416601131916,17.46655092494575
479,480,463.5913470995971,482.9777467105359,-16.4086529004029,2.9777467105358824
480,481,468.0726413929034,487.8082122085369,-12.927358607096608,6.808212208536872
481,482,463.8053359280115,496.1915382573011,-18.194664071988484,14.19153825730109
482,483,467.7742761782359,484.4183415988464,-15.22572382176412,1.4183415988463821
483,484,472.3387023788343,498.9474378768793,-11.661297621165716,14.947437876879292
484,485,468.10560356823527,502.3015930010213,-16.894396431764733,17.301593001021274
485,486,479.71704547227677,495.6127769951584,-6.282954527723234,9.612776995158413
486,487,475.60794882495327,496.2522681651064,-11.392051175046731,9.252268165106386
487,488,481.4212804237352,494.2909102793179,-6.5787195762648025,6.290910279317927
488,489,469.60411656928034,490.09598553009664,-19.395883430719664,1.095985530096641
489,490,484.7022702840019,494.53976681666074,-5.297729715998116,4.5397668166607446
490,491,489.70097344626123,510.617418250025,-1.29902655373877,19.617418250025025
491,492,484.80875800192786,509.4784354653058,-7.191241998072144,17.47843546530578
492,493,482.4523214575737,499.0635881362295,-10.547678542426297,6.063588136229498
493,494,492.4611042496286,513.3112282852999,-1.5388957503714096,19.311228285299876
494,495,483.37428229935574,502.98653970311244,-11.625717700644259,7.986539703112442
495,496,478.38862727592664,502.6541221202724,-17.611372724073362,6.654122120272405
496,497,482.61008830608324,500.9033450735478,-14.389911693916758,3.9033450735478255
497,498,485.1636018634122,516.1306103207028,-12.836398136587775,18.130610320702772
498,499,479.83672673654326,518.7528573302703,-19.163273263456745,19.75285733027033
499,500,480.792692657,507.220816677001,-19.207307343000025,7.2208166770009825
500,501,484.3389370756387,515.3651780438101,-16.661062924361318,14.365178043810147
501,502,489.45290489966885,509.3707647863815,-12.547095100331148,7.370764786381528
502,503,492.7324733695436,505.99482404680367,-10.267526630456416,2.9948240468036715
503,504,502.7469938483171,512.4611538307641,-1.2530061516828823,8.461153830764147
504,505,492.48102378169574,516.4798292544624,-12.51897621830426,11.479829254462402
505,506,486.2073265682198,509.3373184243534,-19.7926734317802,3.337318424353384
506,507,490.45608004954346,523.5471827210055,-16.54391995045654,16.54718272100547
507,508,500.5285117661973,518.4498992209725,-7.471488233802688,10.449899220972497
508,509,505.11110652415596,514.4532760975869,-3.8888934758440428,5.453276097586922
509,510,494.1028863251241,522.2624319923159,-15.897113674875925,12.262431992315896
510,511,495.8651814079969,527.0719268150336,-15.134818592003114,16.071926815033635
511,512,492.6261109523929,519.2248626319875,-19.373889047607122,7.224862631987548
512,513,495.3779951231526,527.3280501636112,-17.622004876847427,14.328050163611238
513,514,502.4424101198243,523.129324419633,-11.557589880175726,9.129324419633008
514,515,512.0755993076699,534.3169722080664,-2.924400692330096,19.31697220806643
515,516,505.81348749070474,531.6478616454519,-10.186512509295255,15.64786164545194
516,517,510.03979397357597,524.7706671479184,-6.960206026424032,7.770667147918402
517,518,507.264238841528,519.3372112221734,-10.735761158471973,1.337211222173437
518,519,512.2676700818466,532.4928780122282,-6.7323299181533685,13.492878012228175
519,520,502.6253631524637,524.7595710131122,-17.374636847536294,4.759571013112236
520,521,503.95778673432636,524.3157043373335,-17.042213265673638,3.3157043373335
521,522,515.0061620138259,540.703752576539,-6.993837986174071,18.703752576539046
522,523,510.6079544188941,542.9990304340835,-12.39204558110589,19.999030434083465
523,524,514.826563704858,530.1278875907233,-9.173436295141983,6.127887590723276
524,525,506.7272376164573,531.7336024911529,-18.272762383542727,6.733602491152851
525,526,521.4401428728999,530.1347898455252,-4.559857127100145,4.134789845525233
526,527,512.7431603660858,536.6960107426629,-14.256839633914183,9.696010742662907
527,528,508.5628687710929,545.4510314368792,-19.437131228907106,17.451031436879248
528,529,524.6697651283013,543.3286130903726,-4.330234871698735,14.328613090372642
529,530,525.1626378599401,547.0802996034552,-4.837362140059895,17.08029960345516
530,531,516.8192565652276,536.341151457798,-14.180743434772353,5.3411514577979915
531,532,516.1960754340266,546.8786652807611,-15.803924565973375,14.878665280761084
532,533,522.6795679589153,551.4520059395252,-10.3204320410847,18.45200593952518
533,534,521.4159571622047,540.3469061700735,-12.584042837795323,6.346906170073453
534,535,529.9590342325753,549.1224173282325,-5.040965767424723,14.122417328232473
535,536,525.9443296572208,544.6124908221072,-10.055670342779194,8.612490822107247
536,537,533.8706342633766,543.5143062580195,-3.129365736623413,6.514306258019474
537,538,530.8929834197623,557.4228459063327,-7.107016580237655,19.422845906332668
538,539,532.5891856044119,546.6240313693976,-6.4108143955880905,7.624031369397585
539,540,530.552118158054,543.049143943953,-9.447881841946014,3.049143943953027
540,541,522.3275991173698,549.3831949827863,-18.6724008826302,8.383194982786335
541,542,537.555914419191,551.5058875282397,-4.444085580808974,9.505887528239668
542,543,534.3736233141303,558.2920056844855,-8.626376685869673,15.292005684485503
543,544,531.3036528369167,563.0483710719931,-12.69634716308326,19.048371071993074
544,545,526.015415364594,561.52408269209,-18.98458463540601,16.52408269209002
545,546,542.4701843608204,564.687884913847,-3.52981563917956,18.68788491384703
546,547,528.5603442771309,557.0261424695237,-18.439655722869134,10.026142469523734
547,548,545.4599780159529,562.6670147964923,-2.5400219840471436,14.667014796492253
548,549,538.8659134539549,555.8719421152357,-10.134086546045069,6.871942115235697
549,550,540.3627925226208,552.3221550618614,-9.637207477379206,2.3221550618613946
550,551,546.0175481513332,558.9439969811939,-4.982451848666756,7.943996981193891
551,552,544.3982663057989,566.2603893382377,-7.60173369420113,14.260389338237701
552,553,543.3708599013804,559.2178200947128,-9.629140098619587,6.217820094712806
553,554,536.560982204698,571.3667120171889,-17.439017795301993,17.36671201718889
554,555,535.8537812379024,571.0246841496752,-19.146218762097647,16.02468414967518
555,556,545.1404121058939,560.6868084345075,-10.859587894106085,4.686808434507498
556,557,539.468103984406,564.2858984873253,-17.531896015594043,7.285898487325312
557,558,545.4447398721412,574.6807497334328,-12.555260127858787,16.680749733432776
558,559,551.3673405022341,564.6348180007147,-7.6326594977658715,5.634818000714745
559,560,555.3103100553441,567.3004407676755,-4.689689944655925,7.300440767675468
560,561,552.1504393361274,568.5182717160386,-8.84956066387258,7.518271716038612
561,562,551.0663386244469,578.2197985286896,-10.933661375553129,16.21979852868958
562,563,561.1555756230684,564.7035750464953,-1.8444243769315563,1.7035750464953026
563,564,560.2290178484539,566.4019526793069,-3.77098215154615,2.4019526793068735
564,565,552.5964959443527,576.9905794150958,-12.403504055647318,11.990579415095795
565,566,560.7249697011339,574.5451278289253,-5.275030298866113,8.545127828925274
566,567,550.0907988544553,580.0248210726035,-16.90920114554467,13.024821072603459
567,568,560.7880972542904,574.0627642474083,-7.211902745709608,6.062764247408268
568,569,566.0081500621882,587.2820708721497,-2.9918499378118213,18.28207087214969
569,570,567.4129188174489,585.4578958563146,-2.58708118255106,15.457895856314622
570,571,552.1946626098962,573.2871781904576,-18.805337390103773,2.2871781904575528
571,572,568.7576140864043,587.8942040684157,-3.24238591359574,15.894204068415661
572,573,569.3227144809208,592.4220650739328,-3.6772855190791915,19.4220650739328
573,574,556.6093448992777,592.906276791162,-17.390655100722256,18.906276791161986
574,575,569.1685255247305,589.9741921624835,-5.831474475269488,14.974192162483519
575,576,562.3469231956661,579.3482813161431,-13.653076804333864,3.3482813161431295
576,577,560.482211946432,588.9454585509686,-16.517788053567983,11.945458550968624
577,578,565.4635678375264,584.4004218479693,-12.536432162473602,6.400421847969255
578,579,559.8077176744908,598.4340459290887,-19.192282325509154,19.43404592908871
579,580,565.5312249140441,594.6322287818706,-14.46877508595594,14.632228781870595
580,581,577.8577213118305,593.604546205961,-3.14227868816954,12.604546205961014
581,582,570.3902094956283,596.2066728094898,-11.609790504371745,14.20667280948976
582,583,568.3544560043055,592.321603453084,-14.645543995694538,9.32160345308398
583,584,567.7628124329045,592.0819982773145,-16.237187567095475,8.081998277314483
584,585,583.4998946296023,603.7801920093593,-1.500105370397705,18.780192009359325
585,586,571.341300609843,593.306615561061,-14.65869939015704,7.306615561060994
586,587,570.3120644006304,588.7872865029217,-16.687935599369553,1.7872865029216882
587,588,572.8101575922283,596.6159629289347,-15.189842407771721,8.615962928934664
588,589,578.2653662325437,605.0164666998118,-10.73463376745633,16.016466699811758
589,590,580.2976017013127,603.3208988029295,-9.702398298687285,13.320898802929491
590,591,579.5610469173035,610.2812447340796,-11.438953082696457,19.281244734079564
591,592,577.6117697222945,595.0178354847636,-14.388230277705475,3.017835484763623
592,593,574.4646284779827,611.3193797423583,-18.53537152201727,18.31937974235825
593,594,581.2763309978186,602.0081346843672,-12.723669002181396,8.008134684367178
594,595,577.1311481806141,605.0060491230163,-17.868851819385895,10.006049123016282
595,596,581.6761198985312,605.1411609352955,-14.32388010146883,9.141160935295488
596,597,594.7016088286618,600.2125933407564,-2.298391171338153,3.2125933407563707
597,598,587.4842643899692,603.7081326587786,-10.515735610030788,5.708132658778595
598,599,592.5567593820103,614.1031598153661,-6.443240617989659,15.103159815366098
599,600,593.5816763654811,601.4371432950682,-6.418323634518856,1.4371432950681537
600,601,593.2373765268964,604.5438677133392,-7.762623473103645,3.543867713339182
601,602,595.0200773319909,603.4789932070356,-6.979922668009067,1.4789932070356144
602,603,591.0064103777751,620.2903730891475,-11.993589622224931,17.290373089147465
603,604,590.0115714932824,616.7291717278538,-13.988428506717582,12.729171727853782
604,605,598.893761645542,609.2286445802526,-6.106238354458014,4.228644580252649
605,606,602.5345101712007,621.6066722380214,-3.4654898287992637,15.60667223802136
606,607,604.8826343022453,626.3692113515796,-2.1173656977547353,19.369211351579565
607,608,596.0606959444195,626.7566471160703,-11.939304055580465,18.756647116070326
608,609,604.4635268396729,627.5094034084311,-4.536473160327091,18.509403408431126
609,610,608.8242881097497,611.1483940927092,-1.1757118902503407,1.148394092709168
610,611,592.3726914928496,623.1912562907203,-18.62730850715036,12.191256290720276
611,612,600.7943320374184,617.8760197161415,-11.205667962581629,5.8760197161415135
612,613,610.2434845753075,624.7282970718874,-2.756515424692452,11.728297071887368
613,614,596.9844988695778,621.0425754940505,-17.015501130422194,7.0425754940505385
614,615,595.3191479724877,618.9196643126796,-19.680852027512287,3.919664312679629
615,616,606.4765874216633,625.4453807438086,-9.52341257833666,9.445380743808641
616,617,615.192697443475,627.4068302163511,-1.8073025565249736,10.406830216351068
617,618,614.7666271256348,637.8055446301049,-3.233372874365159,19.80554463010492
618,619,610.7485788137368,620.8053697986322,-8.251421186263201,1.8053697986322277
619,620,602.1750698884713,626.7219487790483,-17.824930111528715,6.721948779048262
620,621,617.1872650937225,638.1859830566781,-3.8127349062774556,17.185983056678083
621,622,605.3441882139488,635.5342144643948,-16.65581178605123,13.534214464394836
622,623,621.7154510558387,639.706977605072,-1.2845489441613154,16.706977605071984
623,624,614.3096147230696,637.5455274526357,-9.690385276930442,13.545527452635724
624,625,611.7564543219393,640.4311898737765,-13.243545678060741,15.431189873776475
625,626,623.8527898415136,636.3655132499441,-2.1472101584863594,10.365513249944115
626,627,614.3195077382868,631.8926761650544,-12.680492261713198,4.892676165054354
627,628,609.0563216920784,644.3900733559068,-18.943678307921573,16.390073355906793
628,629,624.9550615174047,640.7885924386154,-4.044938482595285,11.78859243861541
629,630,615.1373837223283,633.6505986819498,-14.862616277671691,3.6505986819497593
630,631,618.4272159390727,647.2929865105465,-12.572784060927347,16.292986510546484
631,632,627.4827886112946,651.213132296889,-4.517211388705391,19.213132296888944
632,633,631.8821351205221,640.5771135799408,-1.1178648794779065,7.5771135799408285
633,634,632.8235954403874,640.5767327896424,-1.1764045596125925,6.576732789642392
634,635,623.8902442257314,637.5537283859437,-11.109755774268592,2.553728385943714
635,636,617.0871912183374,649.6253333025389,-18.912808781662648,13.625333302538934
636,637,623.7583260781533,656.2202707514334,-13.241673921846655,19.220270751433418
637,638,623.4283029204189,641.5838611098405,-14.5716970795811,3.583861109840541
638,639,628.6165557485098,649.218032995067,-10.383444251490232,10.218032995067006
639,640,627.9441100899431,642.8665255084117,-12.055889910056862,2.866525508411655
640,641,637.5990170187185,642.6480881704865,-3.4009829812814587,1.648088170486517
641,642,624.340408212388,655.6255199626853,-17.659591787612044,13.625519962685303
642,643,627.5449400553308,660.4860563315265,-15.455059944669188,17.48605633152647
643,644,624.0342198959524,651.4138401863945,-19.965780104047553,7.413840186394509
644,645,638.3432639964432,662.6395383137918,-6.65673600355683,17.63953831379183
645,646,640.6866623358749,649.2240088838696,-5.313337664125129,3.224008883869601
646,647,643.6219284987345,652.521252956432,-3.378071501265481,5.521252956432022
647,648,628.6800146242952,666.1305278112277,-19.319985375704846,18.130527811227694
648,649,633.1631814920676,659.6616879801227,-15.836818507932435,10.661687980122679
649,650,645.8398323393269,662.5556552921435,-4.160167660673096,12.555655292143456
650,651,639.4989570489439,652.7223464183077,-11.501042951056093,1.7223464183076658
651,652,643.1384040467217,655.4394082928098,-8.86159595327831,3.439408292809844
652,653,649.1217658516823,655.0600254375162,-3.878234148317688,2.060025437516174
653,654,649.9206132844306,672.1950140590437,-4.079386715569399,18.19501405904373
654,655,635.6940700998415,658.561104313548,-19.305929900158503,3.5611043135479576
655,656,649.2056805238033,673.1437837055663,-6.794319476196733,17.143783705566307
656,657,638.1126534580051,664.6696592880766,-18.88734654199493,7.669659288076559
657,658,655.5633972117633,674.2113524309498,-2.436602788236655,16.211352430949773
658,659,649.2447421964293,666.9358274016782,-9.755257803570657,7.935827401678239
659,660,656.5372380781815,666.0859967541646,-3.462761921818469,6.085996754164626
660,661,659.9090396804178,663.779553322592,-1.0909603195822228,2.779553322592051
661,662,650.4784445995846,668.3334252209086,-11.521555400415423,6.333425220908566
662,663,659.8360120085841,672.9581146176283,-3.1639879914158655,9.958114617628326
663,664,649.2815339122601,680.5326671790391,-14.718466087739898,16.532667179039095
664,665,650.735788861569,674.5977841406053,-14.264211138431051,9.597784140605313
665,666,661.6496747581747,685.4572759238147,-4.350325241825317,19.457275923814677
666,667,648.1068992779552,678.2910272062417,-18.893100722044778,11.291027206241665
667,668,653.3001752397827,669.4739669664174,-14.699824760217325,1.473966966417379
668,669,662.3385649810183,677.8919787036342,-6.661435018981706,8.891978703634209
669,670,655.524558484935,684.0890830403438,-14.475441515064972,14.08908304034378
670,671,656.0933247240508,676.4515412787466,-14.90667527594917,5.4515412787466175
671,672,664.4976997062317,686.273969066115,-7.502300293768258,14.273969066115
672,673,664.8638173132323,683.5702487984488,-8.136182686767711,10.570248798448802
673,674,666.1769763545873,675.4890177360792,-7.823023645412718,1.4890177360791768
674,675,662.2842495725106,690.7127060401239,-12.71575042748941,15.712706040123862
675,676,657.8922072157366,687.6471003724674,-18.107792784263438,11.647100372467435
676,677,672.7093285116568,679.5673765585408,-4.2906714883431505,2.5673765585407864
677,678,660.3712074131099,688.0290666357832,-17.628792586890086,10.029066635783238
678,679,677.4745900263985,685.4585647537202,-1.5254099736015405,6.458564753720225
679,680,666.4535666764137,697.7139493091707,-13.546433323586257,17.713949309170744
680,681,672.1256614093958,687.4136140033377,-8.874338590604225,6.4136140033376705
681,682,665.9656505075826,700.8920543485098,-16.03434949241739,18.89205434850976
682,683,668.2972358543128,694.3765222375952,-14.702764145687183,11.376522237595168
683,684,673.8779516642416,691.1486604813877,-10.12204833575845,7.148660481387651
684,685,671.7665833022706,701.457355330934,-13.233416697729353,16.45735533093398
685,686,675.466310516701,700.2506071889495,-10.533689483298986,14.250607188949516
686,687,670.5811490581842,695.8652874182217,-16.418850941815776,8.86528741822167
687,688,677.9544042666035,700.9627477514252,-10.045595733396453,12.96274775142524
688,689,678.0600361901505,704.7931010165373,-10.939963809849473,15.793101016537321
689,690,684.2401088580737,707.1795980913863,-5.759891141926346,17.17959809138631
690,691,678.504182680601,707.5118415605672,-12.495817319398952,16.511841560567177
691,692,685.2448086352731,696.1554646832749,-6.7551913647268975,4.155464683274886
692,693,681.0316037236834,709.7394014975681,-11.96839627631664,16.73940149756811
693,694,689.7761158040927,696.1139521187916,-4.223884195907317,2.1139521187916444
694,695,690.970087245518,699.8032429494608,-4.029912754481984,4.8032429494608095
695,696,687.0764349173521,708.8356076812538,-8.923565082647883,12.835607681253805
696,697,687.8904292128997,700.1791579834912,-9.109570787100324,3.1791579834912227
697,698,691.9059239666617,710.4636043060679,-6.094076033338297,12.46360430606785
698,699,695.4996598430329,705.8513481359078,-3.500340156967127,6.851348135907756
699,700,698.254999754936,709.1598651179384,-1.745000245064034,9.159865117938352
700,701,699.5205952815315,707.987878565464,-1.4794047184684587,6.98787856546403
701,702,695.840544489877,704.3332977894332,-6.159455510123053,2.3332977894332316
702,703,693.2247845989232,713.5144163055172,-9.77521540107682,10.514416305517216
703,704,689.2013776551836,723.3083894435028,-14.798622344816408,19.308389443502847
704,705,694.9774376864339,717.6238836150424,-10.02256231356614,12.62388361504236
705,706,687.8230344307296,712.7006055607254,-18.17696556927035,6.700605560725421
706,707,705.3308237130673,726.1668468483564,-1.669176286932725,19.166846848356386
707,708,703.567448190728,716.3955077870924,-4.432551809272013,8.395507787092356
708,709,701.5682246373673,723.252836943508,-7.43177536263272,14.252836943507987
709,710,698.0275724267626,723.0481432935264,-11.972427573237383,13.048143293526437
710,711,693.7980130000151,730.1053061127382,-17.20198699998491,19.105306112738162
711,712,704.3461629128251,730.3774511954019,-7.653837087174907,18.37745119540193
712,713,706.908215032416,716.8120770706506,-6.091784967583976,3.8120770706506164
713,714,711.824105791985,716.628031619859,-2.175894208015052,2.62803161985903
714,715,698.395233923736,731.3832042281778,-16.604766076264013,16.38320422817776
715,716,707.7863375790731,734.1939210526397,-8.21366242092688,18.193921052639666
716,717,705.1405462870782,727.3664984745351,-11.859453712921777,10.366498474535092
717,718,698.3124470547468,732.1244642028418,-19.687552945253174,14.12446420284175
718,719,717.9697031585184,721.3259773233899,-1.0302968414815723,2.325977323389907
719,720,716.2364473267215,725.176283559273,-3.7635526732784683,5.176283559272974
720,721,705.1968911136322,724.8381476984777,-15.803108886367795,3.8381476984776555
721,722,705.7025777810511,734.4220510874507,-16.297422218948896,12.422051087450654
722,723,707.3843047383776,727.7532579815561,-15.615695261622363,4.753257981556089
723,724,712.7970210701862,726.1370799954661,-11.202978929813753,2.137079995466138
724,725,705.401717360562,731.7419383719842,-19.598282639438025,6.741938371984247
725,726,717.472493360089,739.8670361531651,-8.527506639911053,13.867036153165145
726,727,714.5630697358508,738.9794107609753,-12.436930264149169,11.97941076097527
727,728,725.7959889135719,735.2837743443981,-2.2040110864280678,7.283774344398125
728,729,720.2127084517606,745.8360986410241,-8.78729154823941,16.836098641024137
729,730,715.2724983373115,736.2491130522297,-14.727501662688496,6.249113052229745
730,731,725.4639620253568,736.950405128948,-5.53603797464325,5.950405128947978
731,732,713.0672758076101,743.6390008050022,-18.932724192389855,11.639000805002183
732,733,718.9511160147775,743.0860971570697,-14.04888398522246,10.08609715706973
733,734,727.5360677257062,743.4734805514069,-6.463932274293825,9.473480551406851
734,735,719.3890204685887,738.9599267601272,-15.610979531411317,3.959926760127246
735,736,733.4198693356459,746.5882776410268,-2.580130664354101,10.58827764102682
736,737,717.4792859723013,742.9213594282335,-19.52071402769866,5.9213594282334725
737,738,736.0635800776024,746.4514177697613,-1.9364199223975902,8.451417769761292
738,739,720.2643380681743,753.9378385057415,-18.73566193182569,14.937838505741524
739,740,734.195776322783,758.8003936856278,-5.80422367721701,18.800393685627796
740,741,725.6013419538731,756.7033963385971,-15.398658046126911,15.703396338597145
741,742,740.998599710771,750.707043997842,-1.0014002892289682,8.707043997841993
742,743,737.1694383055876,755.2676296472465,-5.830561694412381,12.267629647246508
743,744,728.7670884736553,759.1834585016384,-15.232911526344651,15.18345850163837
744,745,733.8856146529508,753.870199951822,-11.114385347049165,8.870199951821974
745,746,742.8159091568948,753.8447150174337,-3.1840908431051957,7.844715017433714
746,747,738.5210348290917,750.5696226231614,-8.478965170908282,3.569622623161422
747,748,739.8645622533937,762.9889552280416,-8.135437746606272,14.988955228041618
748,749,737.2049173605619,765.9316632253449,-11.795082639438078,16.93166322534489
749,750,736.3084356232558,757.0151038095692,-13.691564376744168,7.015103809569155
750,751,757.816604848245,756.6701553128507,6.816604848244992,5.6701553128507385
751,752,751.9446279395474,754.2042611667398,-0.05537206045255516,2.2042611667397978
752,753,750.8404343461034,758.6816609280648,-2.159565653896607,5.681660928064844
753,754,746.8795306819077,752.2267476629933,-7.120469318092319,-1.7732523370067383
754,755,761.0964592997944,759.9515272729922,6.0964592997944465,4.951527272992166
755,756,760.2674081082912,754.1701823579525,4.2674081082911925,-1.8298176420474874
756,757,755.1735479490937,748.7751597083891,-1.826452050906255,-8.224840291610917
757,758,758.3686461988534,759.0115783626989,0.368646198853412,1.011578362698856
758,759,762.3036568882378,758.0865745277729,3.3036568882378106,-0.913425472227118
759,760,753.2961117969508,755.0575977440316,-6.703888203049246,-4.942402255968432
760,761,751.5439558881584,768.8422666993354,-9.456044111841607,7.842266699335369
761,762,758.3500739837338,759.65706611072,-3.6499260162662495,-2.342933889279948
762,763,764.9117003927232,753.7825222286456,1.911700392723219,-9.217477771354424
763,764,763.7321218256292,761.6427148040518,-0.2678781743708214,-2.3572851959481795
764,765,768.8510925372625,763.4901961580074,3.8510925372625024,-1.509803841992607
765,766,772.3937961114907,773.2327544638832,6.393796111490701,7.232754463883225
766,767,766.7688493346055,772.9836641621009,-0.23115066539446616,5.983664162100922
767,768,760.6853404743565,761.9993317181585,-7.314659525643492,-6.000668281841513
768,769,776.0125599959794,775.7805845191774,7.012559995979359,6.78058451917741
769,770,771.4998065454823,764.9585445650733,1.499806545482329,-5.041455434926661
770,771,775.7987496156575,767.8386829632858,4.798749615657471,-3.1613170367141947
771,772,776.0932930721658,763.5363690795498,4.093293072165807,-8.463630920450214
772,773,782.3642354266249,764.1071262626873,9.364235426624873,-8.892873737312698
773,774,769.9061464467163,777.6172024162228,-4.0938535532836795,3.617202416222767
774,775,779.1061354555852,783.4668216904347,4.106135455585218,8.4668216904347
775,776,773.3135266625184,775.8603370847566,-2.6864733374816296,-0.13966291524343433
776,777,774.9082144183728,783.8818742391717,-2.091785581627164,6.88187423917168
777,778,772.6118927331744,783.8750249938531,-5.388107266825614,5.875024993853117
778,779,775.880203513017,782.2935744676266,-3.1197964869829775,3.2935744676266268
779,780,788.9659350331652,789.5645786223556,8.965935033165238,9.564578622355612
780,781,776.8514169389521,787.0437584175277,-4.14858306104793,6.04375841752767
781,782,776.9198121191317,777.4968878842852,-5.080187880868266,-4.503112115714771
782,783,784.6627595694764,788.7802849244222,1.6627595694764068,5.780284924422176
783,784,779.1607191348351,787.8532329256781,-4.8392808651649375,3.8532329256780713
784,785,784.4677145118859,782.9904089327271,-0.5322854881140984,-2.009591067272936
785,786,792.6835251311247,777.5359494045423,6.683525131124725,-8.464050595457707
786,787,781.6080062861436,781.287190592362,-5.391993713856436,-5.712809407638019
787,788,786.5338282436784,793.9447578328671,-1.4661717563216143,5.94475783286714
788,789,791.2097947004006,783.969705762721,2.2097947004006073,-5.0302942372790085
789,790,790.9125784914697,799.9571596604669,0.9125784914697306,9.957159660466914
790,791,800.4944647483047,794.8797627997709,9.494464748304722,3.8797627997709014
791,792,795.6074050879039,791.5444496143522,3.607405087903885,-0.45555038564782535
792,793,797.7989248409688,794.4087338042385,4.798924840968766,1.4087338042385227
793,794,803.3391189593347,796.2174544708287,9.339118959334655,2.2174544708286703
794,795,793.2887605045704,804.3788964006525,-1.711239495429595,9.37889640065248
795,796,793.1075963012211,789.2348238926304,-2.892403698778935,-6.765176107369598
796,797,787.8772485953276,792.4479160532151,-9.122751404672385,-4.552083946784933
797,798,791.6840861303765,802.1918209594248,-6.3159138696235,4.191820959424831
798,799,793.7437926410336,793.7971596628713,-5.256207358966435,-5.202840337128691
799,800,793.6700893414268,807.425943244041,-6.329910658573226,7.4259432440410365
800,801,806.0956778639313,797.9306835131624,5.095677863931314,-3.069316486837579
801,802,802.7176596255223,795.6167879983163,0.7176596255222876,-6.38321200168366
802,803,806.3526760291693,793.9524152169963,3.352676029169288,-9.047584783003686
803,804,810.4092432167874,805.911900806359,6.409243216787445,1.9119008063589717
804,805,799.6154788257179,811.5056437910911,-5.384521174282099,6.5056437910910745
805,806,802.51847879643,801.4758622229758,-3.4815212035699687,-4.52413777702418
806,807,811.1672053407319,815.3507897251764,4.167205340731925,8.350789725176355
807,808,805.8551789180895,813.1546854023601,-2.1448210819105498,5.154685402360087
808,809,799.5854188020209,800.2260136499757,-9.414581197979146,-8.773986350024302
809,810,808.6991043805375,811.4526599334949,-1.3008956194624943,1.4526599334949424
810,811,819.1654617283083,812.3488188065053,8.165461728308287,1.3488188065052782
811,812,810.1804302318575,806.0474460987197,-1.8195697681425145,-5.952553901280339
812,813,809.6449783288549,809.6908875733144,-3.3550216711450958,-3.3091124266856013
813,814,823.7905016589006,813.1655778716753,9.790501658900553,-0.834422128324718
814,815,817.8883112847402,805.9615564247483,2.8883112847402117,-9.038443575251677
815,816,813.3199605294236,808.9955281857177,-2.6800394705763892,-7.004471814282283
816,817,809.0403906272761,810.2800877822111,-7.9596093727238895,-6.719912217788874
817,818,823.7569888989284,815.5847150891278,5.756988898928398,-2.415284910872174
818,819,823.1614986697551,823.9471491735316,4.161498669755133,4.947149173531557
819,820,828.4383159849713,826.6260731819452,8.438315984971268,6.62607318194523
820,821,815.3455126005601,814.2569809203408,-5.654487399439859,-6.743019079659234
821,822,814.2984869997647,827.0381207201355,-7.701513000235309,5.038120720135453
822,823,827.4814505281813,826.4141991677634,4.481450528181313,3.4141991677633996
823,824,818.0679168399739,831.8137478382775,-5.932083160026082,7.81374783827755
824,825,818.52207675579,834.3758250789034,-6.4779232442100465,9.375825078903404
825,826,822.3961467079214,818.4892121761989,-3.603853292078611,-7.510787823801138
826,827,833.3365028295688,818.6134772284163,6.336502829568758,-8.386522771583714
827,828,828.7907321021926,833.9946025790401,0.7907321021925782,5.994602579040134
828,829,819.9170071020457,822.2434174617172,-9.082992897954341,-6.756582538282828
829,830,829.2778934931863,823.8914904851441,-0.7221065068137023,-6.108509514855882
830,831,834.6795922273295,838.6407184505165,3.679592227329522,7.640718450516488
831,832,832.7673687693804,840.7792979420504,0.7673687693803686,8.779297942050448
832,833,834.4490043631312,829.3694248784594,1.4490043631311664,-3.6305751215405735
833,834,828.4955465678532,840.8433620087599,-5.504453432146761,6.843362008759868
834,835,841.9547866319069,842.177138191273,6.954786631906927,7.177138191273002
835,836,837.2279743518225,838.1078096100407,1.2279743518224677,2.1078096100407038
836,837,841.2649202608135,838.3217689612629,4.264920260813483,1.3217689612629329
837,838,847.6372843402661,839.5167681849122,9.637284340266092,1.5167681849121664
838,839,837.5639731534907,835.0257837528544,-1.4360268465093213,-3.9742162471455913
839,840,847.6213322535302,842.3773407787799,7.621332253530227,2.3773407787798533
840,841,831.1456202788225,835.8716054221715,-9.854379721177452,-5.128394577828544
841,842,832.6681458523024,835.5526458015122,-9.33185414769764,-6.447354198487801
842,843,844.8055984345764,841.2590090884801,1.8055984345763818,-1.7409909115199298
843,844,840.228987910844,848.1156084596887,-3.771012089155988,4.115608459688701
844,845,839.965531340394,847.4285537470292,-5.034468659605977,2.428553747029241
845,846,841.5587071441792,855.297641586794,-4.441292855820848,9.297641586794043
846,847,843.3680586922118,849.9291182273145,-3.6319413077882245,2.9291182273144614
847,848,852.5789539228684,840.8262809959184,4.578953922868436,-7.17371900408159
848,849,850.3839194446189,842.2243642658503,1.3839194446188685,-6.77563573414966
849,850,855.7807194511867,841.8613428015566,5.7807194511866555,-8.138657198443411
850,851,857.603931596701,844.8234752999402,6.603931596701045,-6.176524700059758
851,852,858.8586971860257,853.9590180135824,6.858697186025665,1.9590180135824085
852,853,851.2928829834977,859.7657295002963,-1.7071170165022522,6.765729500296288
853,854,852.4254679263282,861.8773530413491,-1.5745320736717758,7.877353041349124
854,855,863.5253176028117,853.0008777337009,8.525317602811697,-1.9991222662990822
855,856,859.2352718920882,857.1716605717446,3.2352718920882353,1.17166057174461
856,857,848.6093436795828,863.1839918430163,-8.390656320417179,6.183991843016315
857,858,858.8437390818493,854.2414104239034,0.8437390818493213,-3.758589576096597
858,859,856.1201451926981,860.9133800887739,-2.8798548073018537,1.9133800887739199
859,860,869.7486997943273,853.4816502210733,9.748699794327308,-6.518349778926677
860,861,851.2731081292459,860.5308068103619,-9.726891870754116,-0.46919318963807655
861,862,864.2436174614112,855.4614452072693,2.2436174614111906,-6.538554792730679
862,863,867.4724618879771,862.2485278059829,4.472461887977147,-0.751472194017083
863,864,859.778135427147,861.9363938353516,-4.221864572852951,-2.0636061646483768
864,865,874.4728303651307,863.6652964700098,9.472830365130676,-1.334703529990179
865,866,873.1907325404343,860.8742445221303,7.190732540434283,-5.1257554778696885
866,867,875.3130568197163,859.7208668475702,8.31305681971628,-7.279133152429836
867,868,858.384641187031,863.5133065583977,-9.61535881296902,-4.486693441602256
868,869,870.3974430262962,863.7916007848781,1.3974430262961732,-5.208399215121858
869,870,865.893004839091,874.685924051689,-4.106995160909037,4.685924051688971
870,871,877.9805726987132,875.3395014596309,6.9805726987132175,4.339501459630924
871,872,874.6569931382993,873.6896598752854,2.656993138299299,1.6896598752854288
872,873,873.7775400864222,864.8266759633755,0.7775400864221638,-8.173324036624535
873,874,866.2917633935122,875.3252370856006,-7.708236606487844,1.3252370856006337
874,875,875.8044560957238,866.5847405188119,0.8044560957238218,-8.415259481188059
875,876,878.6380829271285,866.3634603855247,2.638082927128494,-9.636539614475282
876,877,886.118246186204,874.0519223027532,9.118246186204033,-2.9480776972468448
877,878,879.7010202084774,872.810898381278,1.7010202084774164,-5.18910161872202
878,879,888.348012034913,880.8929536286608,9.34801203491304,1.8929536286608482
879,880,889.2321223121332,888.5728497613923,9.232122312133242,8.572849761392263
880,881,884.0040067166719,885.3970405554238,3.004006716671938,4.397040555423814
881,882,882.1181596823618,887.3472172394197,0.11815968236180652,5.347217239419706
882,883,882.320434876521,892.0178622074125,-0.6795651234790512,9.017862207412463
883,884,891.8075712223157,886.6818216179314,7.807571222315687,2.681821617931405
884,885,875.5651336594351,886.5546188281966,-9.434866340564895,1.554618828196567
885,886,878.2761639604714,888.0373595190541,-7.723836039528578,2.037359519054121
886,887,879.0414345823831,894.3161051313493,-7.95856541761691,7.316105131349332
887,888,893.1387065024211,885.7619807041397,5.138706502421087,-2.23801929586034
888,889,885.7930204770507,894.90672450776,-3.2069795229492684,5.906724507760032
889,890,892.759370894814,893.0451386995433,2.7593708948139692,3.0451386995432586
890,891,893.0756580768514,887.0914310156393,2.0756580768513686,-3.908568984360727
891,892,889.7165593948506,882.2737682196819,-2.2834406051493943,-9.72623178031813
892,893,893.631354444848,887.1983998017384,0.6313544448479433,-5.8016001982615535
893,894,896.9027706714332,897.9997752925373,2.9027706714332453,3.999775292537265
894,895,903.8190065975627,896.5938061949047,8.819006597562748,1.593806194904687
895,896,897.5126814572196,891.4918939964057,1.512681457219628,-4.508106003594321
896,897,899.2873502353663,895.6860494280205,2.2873502353662616,-1.3139505719794897
897,898,889.3571163540755,901.2229753116283,-8.642883645924485,3.222975311628261
898,899,908.0443162952023,891.541722809798,9.044316295202293,-7.458277190202011
899,900,900.5616385581877,898.6455916170244,0.5616385581877239,-1.3544083829756346
900,901,907.0254683971984,899.3324842996396,6.025468397198438,-1.6675157003603545
901,902,893.0058212629477,902.8520204024048,-8.994178737052266,0.8520204024048326
902,903,901.4182027147418,903.4382736043699,-1.581797285258176,0.43827360436989693
903,904,899.1395091830541,901.354533701357,-4.860490816945912,-2.6454662986429867
904,905,900.3395179737718,910.2546725762509,-4.660482026228237,5.254672576250869
905,906,911.8290745992186,897.3445807998243,5.829074599218643,-8.655419200175743
906,907,909.477334505377,897.7107694506869,2.47733450537703,-9.28923054931306
907,908,906.794906236857,906.4051867919675,-1.2050937631430543,-1.5948132080325195
908,909,899.2117147917279,916.9338850034163,-9.7882852082721,7.9338850034163215
909,910,919.2985588589106,905.5513870105934,9.29855885891061,-4.44861298940657
910,911,920.2404650671144,904.4461864939531,9.240465067114428,-6.553813506046936
911,912,906.3510442056007,920.5641678865875,-5.648955794399285,8.564167886587484
912,913,903.8269274463312,906.3644650916514,-9.173072553668817,-6.635534908348632
913,914,914.603987260238,911.4968107342705,0.6039872602380001,-2.5031892657294748
914,915,924.0282162923281,919.5803102067298,9.028216292328125,4.580310206729791
915,916,924.2079169152987,911.218480169552,8.20791691529871,-4.781519830448019
916,917,918.6932572777879,911.5969905558736,1.6932572777878931,-5.403009444126383
917,918,914.0709770130742,915.9533446786311,-3.9290229869258155,-2.0466553213689167
918,919,915.5992176753839,924.7472962919366,-3.4007823246161024,5.74729629193655
919,920,927.9582710297205,928.2196670632501,7.9582710297205494,8.219667063250085
920,921,920.8356807127116,911.6258505581955,-0.1643192872884356,-9.374149441804548
921,922,914.622324579343,915.3021625474385,-7.377675420657056,-6.697837452561544
922,923,917.9685095194721,932.1720257829381,-5.03149048052785,9.172025782938135
923,924,919.5358980293499,925.8558258309794,-4.464101970650063,1.85582583097937
924,925,917.4709336986382,926.0282053830764,-7.529066301361809,1.028205383076397
925,926,925.2608876304258,932.2708735856799,-0.7391123695741726,6.270873585679851
926,927,935.3210181654998,917.7956659605688,8.321018165499822,-9.20433403943116
927,928,931.3756508598452,918.2767250234594,3.375650859845223,-9.723274976540552
928,929,920.4494784849771,938.3498809940319,-8.550521515022865,9.349880994031878
929,930,920.1098963561833,936.5714137114536,-9.890103643816701,6.5714137114536015
930,931,926.5249533493851,935.9476356311653,-4.4750466506149,4.947635631165326
931,932,929.2538586958788,925.1140154028973,-2.746141304121238,-6.88598459710272
932,933,938.5349933809355,932.5320784608653,5.534993380935475,-0.46792153913474976
933,934,943.3401104786074,942.745870771317,9.340110478607357,8.745870771316959
934,935,932.7513434684708,943.6719919124791,-2.24865653152915,8.671991912479143
935,936,939.7338005963372,926.1849421395906,3.7338005963372325,-9.81505786040941
936,937,946.8980381470593,942.0498281801232,9.89803814705931,5.0498281801232
937,938,942.9133316775003,928.1247553289342,4.9133316775003095,-9.875244671065843
938,939,941.7237909817169,948.6860345534111,2.7237909817168884,9.686034553411105
939,940,931.5614970835661,938.339344039914,-8.43850291643389,-1.6606559600860464
940,941,937.4643040238946,950.470375159602,-3.535695976105444,9.470375159601986
941,942,950.2678431691431,939.3549361806128,8.267843169143134,-2.6450638193872464
942,943,937.0201096336181,938.8637458114684,-5.979890366381937,-4.136254188531552
943,944,950.8718071854641,940.3258392766921,6.871807185464149,-3.674160723307864
944,945,948.9264737016101,949.6135813327718,3.9264737016101208,4.613581332771787
945,946,943.3264874166151,939.9934566786039,-2.673512583384877,-6.006543321396066
946,947,947.5834853942531,954.281153835853,0.5834853942531026,7.281153835853047
947,948,948.8561293750563,949.8114538725348,0.8561293750562982,1.8114538725347984
948,949,953.2810757014777,958.3982205189853,4.2810757014776755,9.39822051898534
949,950,950.331118821984,959.7416980697229,0.3311188219839778,9.74169806972293
950,951,943.6615198036833,944.7036400260429,-7.338480196316709,-6.296359973957124
951,952,957.4690934304383,961.1156410715204,5.469093430438306,9.115641071520372
952,953,951.1254499381224,943.9307697275837,-1.874550061877585,-9.069230272416348
953,954,963.2618778042386,944.5572744824622,9.261877804238566,-9.442725517537838
954,955,950.6702756458607,963.8772915465711,-4.32972435413933,8.877291546571087
955,956,951.2615756059317,965.2479347489999,-4.738424394068261,9.24793474899991
956,957,953.6701479135037,949.9449534534398,-3.3298520864963166,-7.05504654656022
957,958,959.4463403191725,956.84831630778,1.4463403191724638,-1.15168369221999
958,959,966.8973948040197,958.8818505597636,7.897394804019655,-0.11814944023637963
959,960,953.5256328028003,967.2056247303661,-6.47436719719974,7.205624730366139
960,961,956.5935759519843,963.5583448639234,-4.406424048015651,2.5583448639233666
961,962,963.6335968629572,967.4913284840324,1.6335968629572335,5.491328484032351
962,963,962.0866848432303,962.7019369086258,-0.9133151567697269,-0.29806309137416065
963,964,962.9464577451145,966.9682740448366,-1.0535422548855422,2.968274044836562
964,965,971.4146852419282,969.7081872005172,6.414685241928169,4.708187200517159
965,966,974.4775660502272,970.757625678346,8.47756605022721,4.757625678346017
966,967,966.6261393213977,957.0347565356934,-0.37386067860234107,-9.965243464306582
967,968,971.7470359089455,959.9981614746013,3.7470359089454632,-8.001838525398739
968,969,975.0211742205479,966.2732088220883,6.021174220547891,-2.7267911779116503
969,970,970.3673282077433,961.2239489420708,0.36732820774329866,-8.77605105792918
970,971,966.8863281790747,968.6597940473544,-4.113671820925333,-2.340205952645647
971,972,974.7616919544457,969.7913369694438,2.7616919544457232,-2.208663030556181
972,973,974.7021820061212,981.4046707455548,1.7021820061212338,8.404670745554768
973,974,982.0312563947922,975.3414370978938,8.031256394792194,1.341437097893845
974,975,966.0481407353972,979.1270256106732,-8.951859264602831,4.127025610673172
975,976,984.2026277426694,983.7439736417246,8.202627742669392,7.743973641724551
976,977,977.6886405633072,975.8425864129863,0.6886405633072172,-1.157413587013707
977,978,968.3135223209982,968.0392428919477,-9.686477679001769,-9.960757108052348
978,979,975.8940435753558,974.7067204925082,-3.105956424644205,-4.293279507491775
979,980,984.4866712775064,986.2831740007498,4.486671277506389,6.283174000749796
980,981,980.7686617587167,989.0368233960015,-0.2313382412833107,8.036823396001523
981,982,991.6031807488198,979.0301916223644,9.603180748819796,-2.969808377635559
982,983,981.452201476621,978.879825059581,-1.547798523379015,-4.1201749404190195
983,984,980.5327045925202,992.4901042213746,-3.46729540747981,8.490104221374622
984,985,991.4334386885913,982.0214747196555,6.433438688591309,-2.9785252803444564
985,986,986.9581339871606,989.0449037615332,0.958133987160636,3.0449037615331918
986,987,990.6465315812512,982.6061847010112,3.6465315812512245,-4.393815298988784
987,988,994.1140467607736,979.9583759758149,6.11404676077359,-8.041624024185126
988,989,992.4285509225124,989.0247262357203,3.428550922512386,0.02472623572032262
989,990,988.4481498953733,998.4646367423634,-1.5518501046267374,8.464636742363382
990,991,983.495928957886,993.3728150785461,-7.504071042113992,2.3728150785460684
991,992,993.604963331426,986.1765324956747,1.6049633314260063,-5.823467504325322
992,993,1000.9486665345852,996.6485914673523,7.948666534585186,3.6485914673522757
993,994,992.3778485303683,999.3672228819527,-1.6221514696317172,5.367222881952671
994,995,1003.2145046968568,991.4152112382992,8.214504696856807,-3.5847887617007927
995,996,996.070556395648,997.1841880286207,0.0705563956480546,1.1841880286207243
996,997,999.4168312488496,1000.6390626293464,2.416831248849576,3.6390626293464265
997,998,1004.6597695211128,991.2070629076097,6.659769521112821,-6.792937092390275
998,999,1000.2919421928144,1008.2820187954493,1.2919421928144175,9.28201879544929
999,1000,991.8193867859113,999.0250392289969,-8.18061321408868,-0.9749607710031114
